0,1,2,3,class
0.684429555442607,0.5080413871910252,0.5468649834014883,0.17490558159281255,1
0.32350227993601344,0.4971130445497185,0.6851084421582372,0.9526131989173665,1
0.8826819629410059,0.06289549431258257,0.3726446838852656,0.31711810943501073,0
0.2606659805128353,0.8202104859955072,0.8375537187052122,0.7994036476691619,1
0.0372627018860312,0.47966092204597677,0.937475694630523,0.03341779475268025,1
0.08029957531108911,0.41376361506054227,0.1622363403391358,0.9468591938198897,0
0.17018512700976118,0.9227140258944648,0.072252882504661,0.03549951760047909,0
0.7155025798099446,0.3232413958797753,0.2033766833128997,0.2054353613197819,0
0.9897047096282607,0.7718388048453031,0.2833078632867112,0.3600741618864981,1
0.8108509588574833,0.4666488127369066,0.7267977531419855,0.36620288475167506,1
0.8480197536271763,0.8810441816937304,0.8741674110842527,0.724518622056213,1
0.5720552946693717,0.029701764636019812,0.571081107740895,0.6736384152453804,0
0.09966819378353697,0.21798490559606243,0.30008794282924456,0.7518515754308437,0
0.2129022213449202,0.33720097874188926,0.7153558517769971,0.6720253028575021,1
0.2972571011793371,0.6493007308869465,0.10828956565064884,0.875056329946533,0
0.36704770109520346,0.7932547495200063,0.7867186416174834,0.768591823700225,1
0.13847218953576745,0.39081880027901583,0.430112896849868,0.3984903946964027,0
0.5762868462714662,0.8201488713433935,0.6342851738679219,0.075187718499518,1
0.3535255308040678,0.7049263500728413,0.7597270127858646,0.8126312020563451,1
0.585964547368403,0.4449543129477793,0.8942176584447122,0.7320799589728401,1
0.27449087059169663,0.47902434231497937,0.3184800891358446,0.6302737983562173,0
0.40217438022485463,0.5440853449938594,0.05014462216536009,0.24652647874629696,0
0.6351569789901628,0.06818781208824842,0.5072131101573342,0.27496871247646004,0
0.1422841813706216,0.2544539530833957,0.08837636248885727,0.9841471861527505,0
0.0736600486752681,0.7728723404108598,0.29677408926824633,0.2395712371319173,0
0.3783769291496052,0.770047776356585,0.648595867333994,0.8334911622298055,1
0.4785484474884797,0.6752885660907052,0.8840061268453602,0.7571578401236163,1
0.778177888448001,0.894639356154994,0.6995793140335743,0.8589137911531204,1
0.7254212621803504,0.7537485210892775,0.8518234258044826,0.1888053100398559,1
0.8009226045010556,0.006349038330148438,0.37967097806327244,0.0824708537517761,0
0.9306410459988064,0.26160859472022346,0.016518501852405554,0.2408153971212199,0
0.038403701780022725,0.08009279838902272,0.6114940910610763,0.016935293847139765,0
0.9794778791180584,0.5779176724792581,0.26801116090771304,0.38902386338968187,0
0.13425407035409798,0.9271282376433441,0.8704408659327768,0.9074423660243189,1
0.5909559924161826,0.13232772748652832,0.1533925248949941,0.7487862786669316,0
0.28762067171416206,0.38462609128344494,0.4444148661003988,0.967071401692914,0
0.40256134486657513,0.6944582741861196,8.390941166325216e-05,0.4260305775239721,0
0.09679434234189299,0.159187175031556,0.15183995304318865,0.7890595326399749,0
0.02696678865154356,0.5347537208177935,0.015068837727079898,0.939707684970111,0
0.1012925593175088,0.6740690620192867,0.4752471429434396,0.4065315127409874,1
0.38684062127466046,0.18340203191146642,0.4614226130450674,0.9594848510601564,0
0.756769153263494,0.5165107641886876,0.0055796406629919915,0.47379377672696565,0
0.8220768268314836,0.4487247825158823,0.9844111395361211,0.966751453797181,1
0.29450144576788506,0.6013320708595764,0.41986455605684136,0.28549292876194854,0
0.6277939169988701,0.8586747353404609,0.8431925682715651,0.2424179008813817,1
0.4589088991179464,0.9651415340273168,0.820730845758144,0.6743941066341738,1
0.8627682723432366,0.43708109277645957,0.15754849036742613,0.9451194126589233,0
0.5947830911889764,0.4660544317626023,0.9027420138604,0.18673531156651468,1
0.6572368605739626,0.5546004085695988,0.9325412470394833,0.3589179760241763,1
0.3129758213378262,0.9216122649232146,0.7675526493254602,0.7805615227759574,1
0.8010081725962704,0.41455755722197773,0.18793193941245123,0.3808901129897281,0
0.5917665010593668,0.9103929390659299,0.5429036073714515,0.45388079422145244,0
0.8357058646217737,0.40670735530640945,0.27515047770340084,0.8168963150977675,0
0.02569254249360997,0.753043976253461,0.0787793230312005,0.48222102308411474,1
0.002071955779011092,0.5218210863343936,0.44883246571752844,0.7936516857015042,0
0.27071506011984015,0.18921195883572095,0.28100168620114496,0.6646629986400475,0
0.1028086830836803,0.5736322682348719,0.24651787849493179,0.31292674109319085,0
0.7951915298916978,0.33503504830680675,0.2150248347067416,0.5708746599416804,0
0.6045046311931523,0.466183900468221,0.9665577947563884,0.7792553740726229,1
0.04815649358003904,0.17409754816132095,0.9293004011904196,0.14248417153498738,0
0.30759258431692715,0.11189974955546522,0.34656106228904093,0.6146246059446804,0
0.06141102263838749,0.43995537786234296,0.9531839416245701,0.8066424732140444,1
0.6390812199006245,0.9607077324436349,0.37048137285339644,0.7370682331270008,1
0.24696811441900557,0.027050649632093804,0.2752013948470273,0.37599699399744746,0
0.7138160986945415,0.5216879276897674,0.5648955742728236,0.6188542917681208,1
0.10477372747410829,0.19158960804304237,0.21163407707840964,0.2561067119267242,0
0.1794612178020245,0.017748847512442212,0.013474478860357464,0.5291017987227541,0
0.8632982931725734,0.308820735379401,0.7158417163467802,0.730237760950525,1
0.5405914584373969,0.6345107139721385,0.7999248497294048,0.5826639962494905,1
0.902833877761678,0.1066598650700461,0.03332415664114252,0.04175481903154732,0
0.5709901778222884,0.3485227917321334,0.8218809302944992,0.6890968008008544,0
0.30899748392192095,0.1731528823189028,0.026959493875403417,0.38848024196391573,0
0.06423786279269861,0.9100882658329181,0.2892845316104389,0.09342672272235075,1
0.8818310099294435,0.21794606120083737,0.9929381467968472,0.53602263947531,1
0.38835179919196483,0.893276585505934,0.8018680747817805,0.9468492205844149,1
0.44504954657277473,0.6279888773702296,0.7458134583081147,0.9545627348534994,1
0.9412793440768268,0.005378960223264784,0.8671844919908794,0.6399893352407593,0
0.7865296463461223,0.4775500162338493,0.6776648842654012,0.9304207987559491,1
0.22809237930734338,0.43314092937748316,0.057990042221509275,0.3656277068062339,0
0.10993563539112938,0.02609085362968233,0.09404056109632142,0.9909684308888362,0
0.03155203154760067,0.8294054018328726,0.16970350257947875,0.22151107638892265,0
0.42467085667731375,0.3738791354378237,0.5415229729955304,0.6800206832942891,0
0.06045005724101771,0.6294081538045555,0.7941531592026686,0.6017904689975206,1
0.9715179140702601,0.43146208320490176,0.31143063676765304,0.05168871090156535,0
0.7467232685601817,0.2929940155951567,0.9800382880616741,0.22177194934011324,0
0.6471376042361664,0.5487305274411678,0.9098282228828524,0.5409595007957644,1
0.874139875030025,0.05836972196650836,0.8954480419121003,0.14940408827645912,0
0.08650031104574407,0.7604068248311432,0.7128494100012572,0.048773458460119046,1
0.25829609657874086,0.4838932933672281,0.7096582161265075,0.7073056516707236,1
0.7710343511812265,0.8901847237387244,0.4392728654777053,0.08103799678673884,1
0.34696098017099586,0.0718601535208474,0.8190858243784688,0.7283443935093804,0
0.4723072358049567,0.11890850408295761,0.014734950747724018,0.6339216970719975,0
0.2134226540236528,0.42788945921722554,0.05069447823753759,0.4326150713968967,0
0.12139957368661358,0.05160934938290562,0.9843180151443441,0.977021625776138,1
0.8265011912867549,0.7397205313649774,0.3435353618933874,0.3114152009934571,1
0.22689624010070264,0.4825899873690155,0.47718113276310803,0.8317665101887414,0
0.02487410520599731,0.6243345602564115,0.14856983399501644,0.6594717233385876,0
0.5552273809111863,0.3328686402059353,0.741636228597599,0.5433985052057952,1
0.9140546924776192,0.29925159008798974,0.7854550178322135,0.8356603183859519,1
0.3145696139814126,0.7199769939884636,0.5681745126161615,0.8026285837735484,1
0.9905279412654928,0.9547211084554511,0.7479776506404536,0.49654581644522633,1
0.49498741349047914,0.6514464532463823,0.043785689179334564,0.14867609620665512,0
0.7488115270211101,0.6865119240601867,0.9320887269320647,0.23360313223341456,1
0.7679957623751242,0.7991922894179353,0.6373621829782293,0.30129784083142985,1
0.7312694799223693,0.6991244155885098,0.33529223512815587,0.8644524020280846,1
0.2728236616641303,0.8552998968049487,0.49059279093727115,0.3194442933103697,1
0.4565699914856223,0.48001750018615663,0.7278425635241319,0.5560461919019936,1
0.04282739152630055,0.1986226149354139,0.7939573817846457,0.3820178016588802,0
0.9488300881850243,0.3337756018845591,0.30429137013566265,0.08850050535246101,0
0.4012591290857478,0.511938172992199,0.7930536768885824,0.7797421572172457,1
0.12278644520587378,0.9140154387607422,0.07988370611368178,0.5350254159123496,0
0.3496831099443365,0.8005718345338426,0.4697784822018546,0.5494466922643756,0
0.966042324925374,0.017285669608842036,0.27975234578938335,0.6099112597411133,0
0.08003725297764464,0.916273852208617,0.7691250703364025,0.09166775385705517,1
0.05158568619275028,0.3213596845834682,0.12025248615640327,0.37666342565522937,0
0.8901905255264846,0.047187958966101395,0.7421277843004382,0.3583338997027393,0
0.05732285060270592,0.25305850069348435,0.656821171072296,0.4138035797419054,0
0.5582670800228199,0.4554242664021625,0.9060133808448678,0.7655825120539385,1
0.3388285786745475,0.8066470303340275,0.6778740921169211,0.32323438170020913,1
0.8327704644478994,0.8678813183248011,0.67850505232253,0.6413584995503637,1
0.5114670888747378,0.08857768108642228,0.05821295458295339,0.969477322788921,0
0.9922491686859451,0.050010820684364576,0.5446534264166608,0.08966329732378553,0
0.5530664526007204,0.7421608058093869,0.22020892935273684,0.4883951483312029,0
0.6192415694837888,0.6652432308026976,0.8354673751209672,0.9488388417026657,1
0.9210902200285203,0.37706258076518495,0.9733611333181917,0.211681103247627,1
0.2910880589980813,0.09816097974549376,0.34059611407262824,0.7592343537600897,0
0.37233351671039994,0.22570594027162982,0.1400647138827792,0.6893956959097964,0
0.5316581848103823,0.31720073204847854,0.7811058499439771,0.9514164520288025,1
0.30578334955876374,0.5852018503085912,0.18590421405071877,0.6819886413146069,1
0.01369555347791973,0.07711532398892418,0.7471651008149378,0.6896684620234232,0
0.8512880969959098,0.9506290074620452,0.47006136977685165,0.5144540775215954,1
0.24159367201245519,0.2519527191736006,0.7856807416282328,0.40460928398376084,0
0.9964456818552802,0.8119783334064857,0.12513916026307526,0.728387996653194,1
0.5422684623867864,0.32383326420903513,0.30768577066414404,0.735081682231471,0
0.4655744766682316,0.4949639413296407,0.30847013258734846,0.19564798216007317,0
0.4946211905509822,0.34841708723572984,0.941866340603839,0.6800019917987089,1
0.8847375372265918,0.3055605644446434,0.3974938631790791,0.6734522166880873,0
0.2844009933997307,0.18215998305058667,0.40943100037347935,0.9001795042842028,0
0.8815846596768193,0.8410412056925886,0.05441578561764704,0.5940148875047024,1
0.02785430594659899,0.03718981254864295,0.03381252237981558,0.99822783795386,0
0.6734959017484498,0.8791115108015538,0.07167960933340556,0.3246998165990004,1
0.004712628528892093,0.08041390628390455,0.6541775326277911,0.8120966481493439,0
0.7173228981576687,0.9797878410461549,0.038097759811696275,0.5875319169247609,1
0.8530848389802267,0.7776171184085272,0.7771500968684102,0.8168300620416794,1
0.30422995960995647,0.7311193418193802,0.6340938745206203,0.1163933101375002,1
0.32749179637363435,0.6861981155545928,0.7131931235987714,0.21030690938086238,1
0.8882856825249209,0.376865441733616,0.36827773330064495,0.6088250280091227,0
0.43409620087883827,0.6175768611543858,0.1320158186802176,0.3454616196112843,0
0.3357743297247421,0.27943920877212647,0.7301578222129714,0.9381241318525319,1
0.05259010086635474,0.12646175244757973,0.2841619648124777,0.6908815444589563,0
0.8519428325603745,0.3999813989151688,0.8680737213930798,0.8894931506436878,1
0.665516670059058,0.4463358469492845,0.16725400776685473,0.7717021067486827,0
0.1697253474301773,0.0021926914805566744,0.08957949991456937,0.7301448321726605,0
0.04505005329763789,0.3154163704807873,0.06185802823401254,0.7005163723768926,0
0.04036090157213834,0.20234829617936823,0.3742335263817962,0.9125942782894507,0
0.38096828428665863,0.4264933481013079,0.3334101014039471,0.9904685123359764,0
0.25130587883089184,0.21005960322019024,0.1681570408355446,0.9556273005230932,0
0.12824890844707515,0.990844394789523,0.8767848061265033,0.13654635102453472,1
0.1236309842559844,0.868525279307964,0.8023660806397841,0.10449085444702899,1
0.3187828356442386,0.7621042547602741,0.4713619337927427,0.6283026065332638,1
0.5719526118483892,0.8913244566969921,0.06095717105320009,0.14915490409139742,0
0.9087327409147772,0.26061039048207035,0.11741686313366262,0.05260396534001044,0
0.79934584372176,0.08971965426924444,0.60900209856266,0.4597215527159897,1
0.7642116427680531,0.785023671738833,0.15816744731153976,0.8392107017249599,1
0.1305054644020579,0.8052055302926794,0.9979563876395743,0.34355484851174445,1
0.11229207358758986,0.9413928442651881,0.4300359253189493,0.3682883782017261,1
0.1181948472252431,0.3481710202767355,0.3169121934879179,0.7727635038842131,0
0.24492164150305995,0.19482627641531935,0.10182998877533322,0.8283114122431909,0
0.17583561573655115,0.32392050297773,0.6697160378741277,0.5575161097561373,0
0.9665763789305587,0.20988860954791588,0.2043614469657774,0.2968168775348742,0
0.7702639990167526,0.03624548525886373,0.4657980685689851,0.8491383851766742,0
0.052247530682570376,0.7954516968356011,0.8532686313644242,0.9576948698649028,1
0.9812149210549261,0.06158308951080249,0.8240739527097605,0.684679598218228,1
0.19842842104139535,0.35586114401552815,0.21596557444511666,0.2953007116418911,0
0.9242784071361514,0.01547234742325898,0.5208197724492499,0.8017530424844067,0
0.7007479623266745,0.48147605542110516,0.5975029911072057,0.4841640572781789,1
0.9033438780231763,0.9831708936119831,0.8589076680280723,0.3841518941386497,1
0.30053201931397333,0.1873804860564764,0.8550928166003253,0.873506160148318,0
0.4914367699702007,0.17066870708948667,0.9503413421342014,0.8238225378550518,1
0.08315678549642447,0.5851873036912074,0.22905370682150916,0.13871412411180517,0
0.010444986366683673,0.24506278532582038,0.7604837933267846,0.8828480013862489,0
0.6602284959720088,0.38395391078453034,0.2544341139848396,0.9096924105230723,0
0.5770268044337582,0.3810685939721218,0.28158239333140767,0.8629290429994648,0
0.37820793691683086,0.5399902923941974,0.8737252871481381,0.6121931165784951,1
0.6448632974360289,0.9529863673159306,0.4294354690406186,0.8862767986897633,1
0.8454682354996599,0.1417970875398008,0.19404154276529106,0.34549567809886594,0
0.9571118080638065,0.4965248659878201,0.43878273651724997,0.22164276897314827,0
0.8903278917773995,0.3535072938368784,0.888983660778497,0.9359196888612139,1
0.26200019722851553,0.5484780663289727,0.5041131359015412,0.23549040572055635,1
0.11404977579705622,0.9383100867518972,0.5294477961597539,0.296776894445552,1
0.6006947350597291,0.9002357492192885,0.07930900357918358,0.92464857082211,1
0.20627884662549556,0.2924493069454862,0.12355583678704218,0.4390277099909604,0
0.5120609860110902,0.15181326820001717,0.5782168413282216,0.8011513347027283,0
0.10034998897089054,0.944109745258005,0.01899148453101096,0.625863324573947,0
0.25543466257625247,0.1205261279287414,0.9886577416737338,0.859992163107678,1
0.7080693304743896,0.8758692586788347,0.8496406840889178,0.7739914290003977,1
0.18677547826977714,0.15930960675482353,0.8127691802102605,0.26700460349916766,0
0.9010553146720995,0.34512123865884214,0.4630135003884285,0.894114965168714,1
0.5780497039408353,0.13061893858018436,0.2691781063521095,0.05128516829074148,0
0.9711622271752185,0.02548175110421913,0.19279891488639034,0.45810131029266565,0
0.8506042112306793,0.7077339417767875,0.7822854355468157,0.5251779819221943,1
0.6727617611365694,0.8537594307042081,0.7950025205161028,0.214301143614141,1
0.4095678456691507,0.6098212805460909,0.5793701201323457,0.2679454282575672,1
0.8430607006541843,0.15950239722097093,0.058445479128416244,0.37646529553278374,0
0.7150895395178426,0.915011671086866,0.2944926949630947,0.2116582371937593,1
0.46134083646198554,0.21716496334009938,0.703626217734107,0.9540115400342423,1
0.1841583747170965,0.49368755179936574,0.15634907112744978,0.22991840930962748,0
0.34875241678756863,0.510601773411615,0.39420651654484284,0.4251418339180789,0
0.04884163727158208,0.536299593629322,0.9775274035327065,0.7354513836570886,1
0.8743085319719942,0.17780499722202114,0.3069427352639166,0.4721426243152862,0
0.0371937091124761,0.8328939560964792,0.7999954210404258,0.9626577935213334,1
0.31507028225651135,0.2124705809479125,0.003611103165237717,0.21384483815093436,0
0.2889031423611155,0.1153158597667493,0.7999288511295995,0.934325523096401,0
0.5283459895091678,0.6532039303744754,0.7752454241537137,0.7183274013671557,1
0.5430655602168541,0.8995676645058357,0.5823563645749805,0.4093321016176751,0
0.5281732028305759,0.3829292509421095,0.18442463411139276,0.2804443634782965,0
0.6825074762367007,0.19657633226595073,0.6965050961004434,0.7849746210833601,1
0.5297490272429596,0.053336605109637336,0.5720443419520408,0.9790952535203811,0
0.8748381384224362,0.7510896466334639,0.2687706976804468,0.6020931040960684,1
0.6152103513074343,0.538880933423198,0.6759665489109906,0.46303067061817804,1
0.003020428571242517,0.2764759054821482,0.9927222851219647,0.9999628406182964,1
0.869449433612996,0.2564476111871946,0.3955201401541336,0.7883078808913873,0
0.16291888809468646,0.9756627780643603,0.36470380737866015,0.1122901261168926,1
0.7067276526411282,0.6990322063655362,0.11188347690684242,0.36139835913152885,0
0.766823577838858,0.582376571508963,0.8512155194911483,0.8999762726313316,1
0.5502620055624243,0.9189633857424173,0.7024009598648616,0.5033859504171279,1
0.13184108422073693,0.8484572855209861,0.6115741937321731,0.6976439656863108,1
0.8535886655411379,0.7562403460752106,0.4625845271053567,0.9555781940677592,1
0.2280015658781458,0.06400655122657262,0.7612445524809414,0.04934630396817963,0
0.7760102868711372,0.9374912203480469,0.3462227543084787,0.6019115659043308,1
0.6275495337085468,0.9287258688731811,0.39863847288111676,0.24025063707697414,1
0.4866266777545647,0.43955125975294473,0.656934744866199,0.9345631622432545,1
0.5395462152791555,0.6125214825352776,0.2399041408934549,0.2567403497626385,0
0.607303987563233,0.016930567476372893,0.2801140868922579,0.9212556737343939,0
0.9931577569829177,0.4962674876405937,0.5646661026522266,0.3707054908437578,1
0.28140775359022285,0.3725110113018434,0.8400779197117264,0.8855539472685023,1
0.7559412440696953,0.48755434392806896,0.5853665545674187,0.44038261618476926,1
0.9091039249907354,0.6536865473780809,0.3968770306751773,0.08405389608153946,1
0.4808335886177776,0.023260968004491622,0.002862422675724452,0.007049538006879796,0
0.14753250098073745,0.08960371501965736,0.6993582088516515,0.02509123133017377,0
0.9681589694858347,0.7081688996989302,0.6397589063703595,0.41622449420257523,1
0.16862576886692726,0.5550481698518246,0.8844523823675726,0.80242589905191,1
0.688818850732544,0.47732389832720246,0.14518610364763196,0.013222573382860259,0
0.15233468979067533,0.14951063988408098,0.14355642761930976,0.22613602103137997,0
0.1877291461458015,0.7569946821805178,0.37070056983991584,0.713786226630383,1
0.45614832767538815,0.3124865136263084,0.7010914617522793,0.21568543130686368,0
0.9610543380167736,0.29421096562798044,0.9866417238841301,0.7604472087969462,1
0.9199503522670299,0.7596931031432539,0.7005450206264862,0.2978671536548897,1
0.07197756761841534,0.6504610225508132,0.44904900590486885,0.3319624673643341,0
0.3619231540381034,0.303266723897182,0.7822009734467386,0.29824090033582007,0
0.5498876160883713,0.5378386161110912,0.02248644633933461,0.23719531580004038,0
0.1306752847549758,0.14416820162418498,0.9562268636467005,0.8693109481951835,1
0.21569842872077805,0.6621647931854687,0.3841183198181607,0.049679489735301674,1
0.9589383245025447,0.7599015116057719,0.1332558817267896,0.06744427608644232,0
0.9371141272311122,0.5466233779561213,0.02579423984487883,0.7845490606544839,0
0.5879217566876407,0.1093760133050592,0.602313022207879,0.7274700663842668,0
0.9152822841322309,0.39626827365430617,0.5706863119462896,0.5605060462867042,1
0.7457431314732701,0.7457022530853121,0.7708885756270158,0.019116006104360705,1
0.4697574560087603,0.8579899785554586,0.25272315434557246,0.7149004257592955,1
0.04737891301617703,0.8485089509464677,0.6046853861672126,0.6032300702605768,1
0.5314335970028721,0.9928809825565098,0.14574005656999334,0.046078397358025325,1
0.4359161781958474,0.027183339047300525,0.7756126032488079,0.6212138342921503,1
0.15324870339674457,0.8161919958344624,0.324998425311693,0.2488111748977726,0
0.2994814882109931,0.11562353157662819,0.25064102617156025,0.08264808197720841,0
0.6630313232159125,0.02170607272133418,0.10414068047568414,0.9352210466305179,0
0.17966787161114495,0.3433451394110242,0.018815171870678715,0.37987985615210673,0
0.8301073149265875,0.08658869062251251,0.40171299806034444,0.6200121906256006,0
0.07426029160108738,0.9570327514757293,0.21629732443567518,0.8726374608414803,1
0.4281166543658973,0.6169781213259355,0.5967465920358099,0.2127497820684544,1
0.11245190831442964,0.1916636951677373,0.9134972902774082,0.5170102803862558,0
0.65353916998754,0.6511057741769639,0.0056268744329193154,0.45255420599747287,1
0.38772773550069073,0.9322379402005607,0.7703148136522837,0.3999147271738399,1
0.6305109365174197,0.7974704867786495,0.740335203146247,0.09593286865802031,1
0.4785393770144878,0.39115717728972166,0.9365917496284353,0.4295863332395322,1
0.9562494476315918,0.771744415118514,0.03415393893763585,0.5658780436919847,0
0.12377234241996271,0.6217952849518534,0.6316423073356657,0.36696683328308655,1
0.5614755477225165,0.6427309050606322,0.05927648349684722,0.5720324021104621,0
0.3402853106385938,0.7141275146305089,0.9469827992527319,0.07648698698535439,0
0.3096148290407056,0.1684685612378184,0.07871905606769247,0.8631181201706919,1
0.012583402010653999,0.635768117631282,0.663976359990735,0.7962561780840574,1
0.032551626304499925,0.1104280846313278,0.8736788350058808,0.5686522693799946,0
0.4885564139622821,0.5078495119604706,0.6196532914349416,0.44514373990859035,1
0.43348015921695704,0.09306723196754274,0.13452874693428396,0.8205503707912012,0
0.5485728207729358,0.08287431396870892,0.6918951634318071,0.27775798538512075,0
0.3487297702771175,0.7180851766792355,0.1575262303911752,0.5602408100928034,0
0.7931079464663142,0.5714828552733987,0.5395954497442634,0.3619476706159853,1
0.24951846405838185,0.23422660768487968,0.2642517190861652,0.7169190436102553,0
0.9535810525497551,0.4396110632693906,0.6166836767692878,0.7554782728715127,1
0.4164121139150512,0.6911410335372028,0.16220677681964213,0.9901989860549082,0
0.9423945749846079,0.0015126764352449973,0.9638978369670042,0.573617323961528,1
0.8613522018128278,0.30717000319602694,0.30548439168948627,0.47838230788309444,0
0.1719913433961412,0.7114830244863685,0.22183367733887038,0.7277822953491097,0
0.40893537216727416,0.3655597428094697,0.497305224907428,0.3675227156559535,0
0.2675647112472035,0.13487713708803772,0.06877854319481103,0.01453247129332691,0
0.7985989883753111,0.5772564805159693,0.5719726415539974,0.8291570256644328,1
0.663617892795185,0.3701266503009041,0.8357464761766668,0.4509115225135839,1
0.5574843603714829,0.869753080716818,0.8504624708169598,0.7758176970393998,1
0.9457612246595518,0.8575732394937162,0.024287517885021925,0.9719123105887758,1
0.17894257465327468,0.1942985516462843,0.69001316892564,0.8875790258401285,0
0.25809290354385983,0.19442404560778614,0.9538842504927263,0.8172599434281544,1
0.5320567271101891,0.4027297433473934,0.7298793529376655,0.8121876167207993,1
0.6620957495812196,0.5278480372763042,0.05099217894603425,0.99736735197389,0
0.004265078943235134,0.1312845451253407,0.6947400352313491,0.9476778068873246,0
0.32942334527824835,0.7025217158237621,0.5609520936652391,0.8747232243269746,1
0.7711538046645656,0.19729023345573038,0.18211568006740164,0.2858941321130233,0
0.15278556179957714,0.5830574239314771,0.921317827892234,0.992842007068123,1
0.5117119762071302,0.8610503347902554,0.14059061545565588,0.4598177588543285,1
0.5805251414591108,0.7819580316279416,0.699408951776106,0.005301307175226921,1
0.9390102735739762,0.4831090064547394,0.10495707088300543,0.8874593769329657,1
0.9637961998402448,0.7150783555730722,0.25259563474080615,0.7815504457883529,1
0.07924619270740019,0.7777028260884541,0.6943099863003305,0.7131565659773395,1
0.16869331466988235,0.12813839915662195,0.8060298371470799,0.645482451888115,0
0.05469468855054571,0.1274003446795976,0.46705237268190125,0.06497421832573969,0
0.011345185221080856,0.9454296271296276,0.736311582353635,0.5159658545099471,1
0.7562160686713608,0.6003406120121305,0.6831574089544025,0.8001984736869571,1
0.9898822563290118,0.9606868414370985,0.39273268243142545,0.6590747848095582,1
0.020071684498025655,0.4922231838754537,0.737116325584992,0.28457976358756487,0
0.7151172078550841,0.26002355241096,0.5579157238670567,0.7678241829138314,0
0.30687592555031407,0.23222687781457751,0.21413016844099653,0.8443822307357328,0
0.9135479016835963,0.37263690597943133,0.5613534915982841,0.6975011739298738,1
0.9058937389643973,0.18558695368196,0.5480617262484132,0.37974311693480545,0
0.9162963579270458,0.46904264968083875,0.1404432451389166,0.5941983750168821,0
0.6629965765429564,0.6571598526984931,0.8500671268083834,0.2729779661652383,1
0.3450083022881498,0.31008639772317514,0.9808667916138955,0.06206372817563843,1
0.9903645289045755,0.9977820718364253,0.7680665116630716,0.23912451478161234,1
0.3551447807337911,0.8718113926996484,0.42680362260877813,0.5177501486737792,1
0.40549357235953865,0.42425606118377457,0.7534495872508142,0.3869056155334063,1
0.21528987376279574,0.49284848599087105,0.10907874491603009,0.6152485837019297,0
0.8347980991581931,0.9666089272062199,0.6616490723030707,0.9409997091513104,1
0.9125543913287509,0.17162183575213907,0.3440002191040974,0.12891323229419516,0
0.8499493426939346,0.7014583554697169,0.1495222728088902,0.5043590377936674,0
0.21697243550246914,0.43519051734011693,0.7023078214462344,0.8111554570762979,1
0.7667745876572435,0.8855662466251908,0.8363443716760682,0.42826711959798147,1
0.6776961955474758,0.9685235449275739,0.5655384936537232,0.02719202163377743,1
0.6445340107267645,0.01574527812919202,0.5882598053343328,0.6339719982167987,0
0.987377687036597,0.9427513319814265,0.19771470242467215,0.2766971941380173,1
0.8873988521950151,0.4171392076678503,0.548538935250369,0.9105880891840681,1
0.030823743047735164,0.26941903731574324,0.06904963366683448,0.1399670348734926,0
0.6119815879394133,0.7832938631513445,0.0372381042148473,0.4996274082861252,0
0.10486955164097456,0.5184936976551183,0.4778576511881293,0.6392958535620163,0
0.2978173272574757,0.09338318327228923,0.33919702987460365,0.07581354772836812,0
0.05694841637000092,0.212076510645131,0.08180984105395595,0.7267781952243277,0
0.21461823586080342,0.13070828599705642,0.7650429813236043,0.2125877302270054,0
0.18469102264582238,0.6343128865831702,0.9239668164637476,0.9631395583236697,1
0.587699963661802,0.3682640736920536,0.5799312767107789,0.43053368006659487,0
0.5027484005884016,0.07691437696017212,0.28026536256871515,0.7264668322590832,0
0.355328482080831,0.02877817710557884,0.8408921266032287,0.6763655220972774,0
0.8115762884932278,0.11811141720389662,0.24902795962678181,0.6712618284321291,0
0.24075928216011144,0.07119223246343498,0.6996852454744876,0.539020913405738,0
0.3496143597765049,0.33669505223786633,0.5929147248714552,0.8763670058704087,0
0.7326159650938298,0.6092095794554777,0.07155891697479944,0.3212145256439862,0
0.46710167200385433,0.34272846469355234,0.49229101285524635,0.7678533983193064,0
0.9146794433252987,0.9907581847361363,0.030834060017369214,0.7269999331460341,1
0.9883501752169721,0.18886173337310785,0.5677182929102682,0.4505262589956065,0
0.6939281627310195,0.9250959269107101,0.23248421524641694,0.9056588903909376,1
0.5142865539427735,0.21476571122960486,0.5390276063800975,0.7962275600208021,0
0.6522977292916706,0.539859014869163,0.6640157661177504,0.5597310016264838,1
0.5874515493624658,0.9096051385922274,0.4651646535627283,0.5215316788075568,1
0.835291728397978,0.3694603493454217,0.6242083442552124,0.008365789873171159,0
0.6422960104248557,0.8652139703500746,0.8378479060739458,0.06810469784476492,1
0.6839567299353257,0.45165645716580605,0.5454563233187492,0.8288441804036626,0
0.7239373611108391,0.33929325519654707,0.6486348061049317,0.10236061405925645,0
0.9635837742467421,0.23580155356916632,0.6760967720122018,0.3565326289326578,0
0.9063866834705566,0.3807695671894751,0.39457093654756314,0.07626805077502263,0
0.2754923377901055,0.3617853777615069,0.8426530794469802,0.9329135756495822,1
0.9655985011193097,0.7405305044684984,0.5386161340608031,0.5661255951214077,1
0.35872594981839445,0.010169214472514732,0.8644833053359665,0.24169811172628575,0
0.0007890115698273581,0.41758653618057584,0.4049627575730048,0.33542996266672,0
0.36766472478341816,0.32141464503488315,0.16954927375185613,0.14424876616157756,0
0.7045453453627353,0.2511825804872371,0.9664297582161966,0.7182686535027546,1
0.27896736175113546,0.3324880629853926,0.24622369863798754,0.888331262933575,0
0.6085923795511275,0.5872288807326624,0.561770920842286,0.7525167648636059,1
0.5401893256827831,0.975135696596008,0.24923849519737196,0.13094732699323874,1
0.9337488579377593,0.5514348476514497,0.7072766636813153,0.3622365514770871,1
0.9391100494908123,0.9872433552302202,0.48470179409580016,0.1838274666066131,1
0.2885643656060538,0.139006337117349,0.21547917178529097,0.6969149307242057,0
0.15899968193178382,0.9768616144988786,0.47688484858561875,0.9355746441992696,1
0.6971478035881747,0.3033531866126139,0.6583181366504345,0.568388429957784,1
0.2823875789388195,0.6543279357987687,0.9811658397710354,0.12945927214811526,1
0.9132090315694885,0.3939167367975307,0.02917836012865771,0.40485878198986014,0
0.6006836153031906,0.011969341912856146,0.21342579962535402,0.8180603587094772,0
0.26638435946098205,0.8286094012700413,0.5857768844909568,0.8482213936370112,1
0.2428556202793769,0.21619536741470813,0.9407385379176816,0.25584217891870886,0
0.3267722341662579,0.9498848670505139,0.6598957405925994,0.03027126762033272,1
0.329148152860568,0.40884256097660676,0.0648491118920953,0.613050246222373,0
0.8551389057177163,0.9864582839199888,0.11498467959486791,0.38618949649300927,1
0.5367082221276586,0.5604897341421673,0.9690732163334469,0.7503330942325324,1
0.06454208545844564,0.7874268109782766,0.5748625179826066,0.6027459387605909,1
0.39007040519958647,0.25250497735837696,0.7784928629232798,0.9506306853915223,1
0.40900238627997276,0.5221019567278834,0.02576692615436882,0.7327205104070352,0
0.3009030070653723,0.1418714947142442,0.12038477379767387,0.32634072698781735,0
0.19763263121023766,0.8163232441561378,0.5279837675413293,0.7162138725689521,1
0.43780024417491537,0.5166604919519369,0.9061474457933101,0.07637904291212672,1
0.6907060353775101,0.4567467408236139,0.7061872017286792,0.8321326884897723,1
0.3001074100125831,0.565053074334443,0.8557998246380725,0.09062088056634565,1
0.07848881384493145,0.8050975934446429,0.3041630410046302,0.372434685488115,0
0.6680261614808083,0.5824461545904005,0.7551438078355884,0.7739389886956951,1
0.18204619239497355,0.2630437542834183,0.5922019320063855,0.09098383982978298,0
0.6487349174282344,0.2826686560219961,0.39212493390795977,0.17701000588229665,0
0.1038736986601686,0.6116449362741776,0.48407565170617195,0.6092989220398929,1
0.964411459020292,0.3530755461911418,0.6314966037993768,0.46516601697765037,1
0.5465269520548782,0.9894525032007646,0.3540698135107865,0.37317523927232754,1
0.8130459386935325,0.649227170906135,0.921323330024274,0.4725979161723848,1
0.3288125742823077,0.28353121155828187,0.19350042030964554,0.9781010120882808,0
0.9791768198406186,0.18100044373621327,0.2625185041794049,0.15959403892220458,0
0.029023925043832888,0.6199577874632498,0.017201373333516345,0.4041406418695187,0
0.9609755284211294,0.733106590321962,0.3160295049075834,0.7740068426559302,1
0.23786809274442244,0.7318469110928401,0.903270680014831,0.295815802959176,1
0.02172347645854278,0.8070673619478518,0.8203276114695218,0.49576174132909256,1
0.365429485464263,0.8240783612653922,0.30134062545722506,0.09401345290423568,0
0.28198683334614305,0.4021787174566125,0.7383293699706616,0.052922714864600984,0
0.23887537572652306,0.5327507285631738,0.5323530183213409,0.6424255209476489,1
0.08769800120792781,0.18288191865273984,0.7335993841053345,0.9229038311470034,1
0.6581098481402526,0.32480788656372517,0.6225324680335153,0.8801265664145786,1
0.3460965603121178,0.1281290360857451,0.7142575947021064,0.8677665720931071,0
0.00747177573168889,0.7914827467525396,0.5714163116534193,0.8397127428177644,0
0.8003345204965528,0.12201410644426902,0.6178519917553771,0.015193157944739855,0
0.6105768027498469,0.9675214221861465,0.5551855468460257,0.6816138129735348,1
0.7442146962514302,0.4628123878755013,0.3334183249725732,0.6886963224978805,0
0.6797291928354523,0.13003603928237273,0.009693256488889967,0.29518477097207807,0
0.08236142980964611,0.723170030762321,0.6796763002384034,0.21118234391038126,1
0.9379016926564405,0.4369963062293043,0.8900685620937799,0.3982059495956394,1
0.3522078225679046,0.18807907189046358,0.41752482538342406,0.18666289894948573,0
0.035362591566785784,0.12124957939139502,0.8354267943997574,0.7696964453748244,0
0.7754774777482537,0.9690703150300636,0.7536808702269304,0.10758221376634503,1
0.8392844559768275,0.3954118678120797,0.22247243086244295,0.8480835680135651,0
0.7563254697142421,0.4575267001980886,0.6990273365040526,0.8022486569167719,1
0.3986790401075554,0.7829946220705296,0.3918612065016982,0.4253029830947619,1
0.9065652029215799,0.8398525047397254,0.12578039562040622,0.9493725327760114,1
0.25517368440579324,0.833987222650674,0.144847460953344,0.22395849842038051,0
0.6528239559475735,0.6125358617125427,0.9821830940977248,0.856232809995103,1
0.2745595744985606,0.7499273953800648,0.2633079152586264,0.1954774069597517,0
0.4763250911206056,0.6141205848641375,0.7282156847707363,0.4761686411094861,1
0.47227676494592385,0.3056006293209621,0.6331504717203623,0.5033259075795539,0
0.4586002301757326,0.7007681098263073,0.3232472552281205,0.1393205092380423,0
0.3541980328794183,0.5659948747414754,0.1546458613860372,0.24085009724777917,1
0.8698787300866979,0.21202641053184634,0.02003863625431246,0.7801010780034449,0
0.40589924420995593,0.7664802300969801,0.9717268452493834,0.7049389083139417,1
0.17029860961643972,0.624874386303329,0.5023334418203741,0.6180717177953522,1
0.5286423316051181,0.8390573656720727,0.6408616018920573,0.37393681198369,1
0.35517433443008817,0.01919519438657502,0.49411809994429545,0.9747016855692741,0
0.16979603601635618,0.33256739112308875,0.7541157012659215,0.19668128293534692,0
0.48601810101593734,0.7762865296513101,0.4176523064890685,0.9099857382313277,1
0.8183848140547817,0.2516497180390014,0.7996671556422066,0.12393882250435106,0
0.018488095636348345,0.20547048023777992,0.9399077263175417,0.15332633782779626,1
0.9912629440042227,0.8931220895503656,0.24459660510415904,0.47039231971640694,1
0.8075478922074472,0.26194562960637247,0.31148695376910096,0.9415410325471203,0
0.5015411489600433,0.2751978812817035,0.16439634318883212,0.2679219438497723,0
0.43808743887984436,0.023821889272938823,0.7389158891476735,0.8952915267896768,1
0.009923026123470957,0.9556493176276771,0.76084402351931,0.4684675846391543,1
0.1378802731680775,0.992125718356465,0.8404309541114782,0.8795080304191435,1
0.8343399273722186,0.29797136201782337,0.989484554040436,0.3728671596052,1
0.18258383230440212,0.4023040447984425,0.8092311449561815,0.16749227448997372,1
0.44755237582754104,0.2061636291311577,0.6520893540814339,0.37021600322530346,0
0.006160498520776381,0.10086160803089705,0.20459792933426746,0.6568031685289129,0
0.8223517216473019,0.18712185357537559,0.9949858261459013,0.3678546957488369,1
0.3449704686559327,0.35252354142789144,0.15772062712130108,0.4327274377542498,0
0.7130657120869144,0.24202372433349562,0.8510466828501791,0.14751326551522737,1
0.14491774144456582,0.775467123960604,0.8201334562526983,0.2560798588873273,1
0.05957281863708919,0.615541175747881,0.5491306245415593,0.5095640814730049,1
0.8185492634232601,0.40104718226403546,0.13446479108950926,0.605795229479616,0
0.23455403306907185,0.38716614324121135,0.6431476024389443,0.536573377147746,0
0.4366788003518405,0.8349688623531907,0.194127492295474,0.1285663345842688,0
0.009528830559490387,0.8822511733500493,0.6253603270695977,0.39067696221006776,1
0.5324065133790631,0.9042233806371653,0.5994099422858449,0.45507066272787533,1
0.680407780687836,0.8751359171822473,0.38414581292503924,0.08382143572430145,0
0.5533078610235391,0.11122363752365727,0.20638828842693602,0.9237406342654874,0
0.7540078184133115,0.1467394711990948,0.735482650267463,0.6847388601101946,1
0.5087993530848057,0.7751408626166997,0.24500379696628694,0.043489863064055334,0
0.05483508956116678,0.9688147601671455,0.1470907924626389,0.2140839549227147,0
0.38184637478414896,0.3274978925425118,0.14878231138367604,0.5585613024400443,0
0.5801163027499978,0.805249919014687,0.8973365638477349,0.59709293172086,1
0.7864736264096119,0.12406020128277373,0.04336517072958568,0.7300042103744765,0
0.46387902004978243,0.9032702440604182,0.33196322278633283,0.4364795744916278,1
0.0790547538393166,0.9183893903966238,0.548963191662348,0.5459793688247755,1
0.10708626446109482,0.77479149911676,0.3790343172806251,0.46021018702519256,1
0.8213477746785948,0.03971129972881238,0.05242066864682682,0.9568555556963948,0
0.8031302111354945,0.9782264139345939,0.6019942669195809,0.7340071883483376,1
0.690264622351181,0.38721426039388374,0.13373467863094535,0.8111170152419904,0
0.5476979529304556,0.38396363113286347,0.7874222635144326,0.4608832983609106,1
0.3071404628096037,0.8281526822719898,0.805799535651382,0.31140748542438257,1
0.3566460801382423,0.576033114760079,0.22359219956484844,0.994689621395413,0
0.9406497037948558,0.4534639598804827,0.637336390997581,0.15813366654852423,0
0.0004638628972989389,0.009125756145411446,0.2741354806919799,0.0015799089876025185,0
0.867293183505467,0.9598740692088538,0.9558420948902011,0.7875070411405113,1
0.24987811732026133,0.2166343572460938,0.6058119278841885,0.395546205619176,0
0.9950511041625856,0.1701684087191756,0.7686054061865274,0.9461219520867356,1
0.11345303132912277,0.66529914230206,0.1700998419249754,0.1357333489278476,0
0.9231897430597059,0.761870860411766,0.9085752816302126,0.5272011820914025,1
0.7427623309544223,0.48430410119654044,0.296882324182723,0.23755889879559877,0
0.12325234191485568,0.9641708036188127,0.45510169735709727,0.1827186159073796,1
0.3826438151906273,0.20372405629125123,0.2591097634257645,0.008508900281268605,0
0.025013659279803035,0.021241356511672138,0.8463251594266605,0.8280031420292596,0
0.3258087653996665,0.38569748929113723,0.8169287020791522,0.706907717607336,1
0.7616758349266997,0.8673974192626897,0.49125542982129644,0.025671660736982238,1
0.6100181126177664,0.6375364916255941,0.6719120752694178,0.34073787740933237,1
0.7428345760120368,0.10584421769828667,0.7970872631587883,0.16032511862590526,0
0.9059214575413826,0.18994901021784183,0.5462264512392287,0.9237026420402539,1
0.4054012244952332,0.39055439309813045,0.12682018299277542,0.13724843504116768,0
0.3237828108607048,0.4203271475652842,0.4914433673676697,0.720420522359064,0
0.8412514797406042,0.5590776676077664,0.7115185989044097,0.522926648028107,1
0.11656386910100758,0.6334791203294907,0.3654037494135002,0.5250847124860187,0
0.7561278232810014,0.7172189839689984,0.43138904621643637,0.4101834524140471,1
0.061872797035989247,0.018329009773666027,0.8932814472075323,0.6569847137196481,0
0.7050161003216354,0.6326863431974626,0.05072350031245998,0.8654408406824843,0
0.642431722897965,0.15629697428596134,0.1566405794145308,0.8040743937152126,0
0.5058676078843658,0.9091973890488073,0.02762663184008407,0.6981222256057303,1
0.8955808287101642,0.7103867355039444,0.12748933402017226,0.34283665738357194,0
0.8457847749240284,0.22606632281009365,0.20285036708190796,0.019152652609443876,0
0.8635229419265548,0.23173682871220103,0.06833760235059172,0.9957368748678453,0
0.5536008725923562,0.6178734515012962,0.977299207992072,0.7260524585197722,1
0.8475101469284932,0.19812872344878263,0.3066820543408496,0.20978552506841508,0
0.38623126817666187,0.12494427610953518,0.5112022371832566,0.7208062296419415,0
0.0059023658832541015,0.20787425863848463,1.9090913837116474e-05,0.7992313912898732,1
0.09718146322893995,0.43013142696258233,0.2655211525515927,0.791088602462539,0
0.841052457235926,0.5610642356179761,0.5943756775276865,0.3832154293775383,1
0.35102950140383404,0.5131643952159114,0.15119349894022194,0.7206537769828215,0
0.7733818011096062,0.07565293796132955,0.7372750594987987,0.828252163454972,1
0.17440086483632777,0.6712963418910075,0.3096327923122999,0.37146345585715235,0
0.6304902927438432,0.6991690057453187,0.45307098146398883,0.14843190600176692,0
0.17756013473117982,0.3275369073560881,0.9446079974420718,0.8428274008625868,1
0.43956476076006945,0.7750977102987545,0.7329468602446167,0.3070752662278583,1
0.7167808994395702,0.3012446098893966,0.7729381479556845,0.6011372437787945,1
0.3613608392856852,0.8490772042154273,0.8458006892601541,0.4850503070823843,1
0.718511794594669,0.5992229275798042,0.20535018185955412,0.020838271630535976,0
0.3070384401898829,0.8426583196502655,0.25713650100859975,0.4405864150074926,0
0.5769763897167809,0.8770640641535964,0.07807965719578747,0.4945309652208404,0
0.07075585096538295,0.9575489884920101,0.9604731067781763,0.4724378335667102,1
0.19217133599617897,0.940197928606017,0.819748934439398,0.11304667847551608,1
0.03687198600807684,0.7210662107389568,0.11604727249719682,0.6408460094542282,0
0.6607674802948544,0.382278263459116,0.0013411898136876932,0.562298367213378,1
0.9712027729547158,0.47323323022198205,0.2650598412290962,0.7744812611625571,0
0.33776378477302715,0.2680886419961135,0.060465368541112285,0.6893961115084253,0
0.7484686353471613,0.13403975402920076,0.35626737592660407,0.7601934455457398,0
0.8007227065500925,0.17807597188574842,0.7069342361918086,0.46852150804518755,0
0.5382278717884345,0.544557144927887,0.7387889624818043,0.9559248341755082,0
0.13025753045431654,0.12627804235187023,0.3826729478464307,0.46850112385273246,0
0.43119422549069775,0.24546862222902477,0.5565330439416769,0.3440546279385496,0
0.6256750261451598,0.6883692532414842,0.7584157612636213,0.032307469689407675,1
0.38673651478408266,0.8328076933269468,0.23658789111338185,0.6188812526318291,0
0.97388307705659,0.24079552533745785,0.19240124273702575,0.44812871790709574,0
0.2243691560894252,0.749926425797489,0.38507765353730383,0.6755922602748154,1
0.4428077346532473,0.23393138881723186,0.48108479299612716,0.5434523964263752,0
0.0819263015445878,0.9142812029495326,0.41522331934524714,0.48434142148787673,0
0.49115757335536914,0.24271856840091,0.12910603406044596,0.380784829336167,0
0.531008957276645,0.4170824662322059,0.9756100898188028,0.35968897802171684,1
0.40227574394790677,0.6630365035783852,0.3270795486720184,0.3285268797058639,0
0.51464280582104,0.2929779439795436,0.13209294481584732,0.3112577723748452,0
0.5848645452319863,0.7552209571071122,0.8422800451183712,0.3910148858344351,1
0.7846279027647818,0.8831261004889359,0.649933655268977,0.20826223522727083,1
0.8164195785421894,0.8297921909831709,0.5094174332241793,0.6877151452870441,1
0.19335446124163436,0.7999352378674273,0.8189945520481346,0.3424933655169049,1
0.22314966731081354,0.4528214164199811,0.8939514480897137,0.4010102773491321,1
0.9013694558948925,0.2696910704498161,0.8778311856330682,0.631341765908889,1
0.27616031025559007,0.39133308224391894,0.723908649852822,0.05168800340605206,0
0.22719832735243994,0.5655518236689996,0.06419015383302995,0.49625831723146263,0
0.7025374530270792,0.2353272225478269,0.38166529803060956,0.8636278286007787,0
0.7995458810456423,0.5553257756077158,0.8966321718109501,0.022287023785076965,1
0.3543950020866711,0.03593970752271647,0.5704656401883276,0.8342991817011709,0
0.2567121385738631,0.13490104470136133,0.8686965509615352,0.9733367169761399,1
0.3130749985615151,0.9919596375726155,0.73508705923808,0.5752853765445154,1
0.5526107354142112,0.8593437530743465,0.07171114253739863,0.9789449318069947,0
0.22905203699858445,0.6943246470784639,0.21641112941937846,0.21135840934577088,1
0.5526215548516228,0.5176348249387653,0.9836543523841843,0.7578411391448218,1
0.624892859774012,0.6439094107203244,0.8083440924842998,0.10639832645419767,1
0.7673776130430413,0.007125653109275154,0.07856289960369456,0.8910329996470956,0
0.4823920722500433,0.4405467195811792,0.9608435838644098,0.4063368987996687,1
0.9947774507136709,0.04827696459693298,0.6160415267037845,0.9339780168995616,1
0.9070432893180518,0.8123366966249445,0.1312950893539777,0.5825028257674343,0
0.9936362546186027,0.08255982449645727,0.03870172221183321,0.6035420747159569,0
0.6854678004332537,0.05152559405492496,0.7222102316764546,0.28087905717778605,0
0.2612073106436704,0.17070058168368252,0.07467083427657017,0.6886348736247632,0
0.479792009113734,0.5122372681624334,0.6828233865654327,0.9705126827014178,0
0.7021269695147497,0.486007752672865,0.7662682659213215,0.005669227064014515,1
0.6310714539470683,0.4819859886793174,0.31708735560393186,0.036984976277377846,0
0.4998686753974704,0.4274797867268554,0.6872985262445837,0.8795174951666642,1
0.8231766207402686,0.8035312024219877,0.83886623246728,0.734757122402537,0
0.2932666541592819,0.1515220097705119,0.3503587268221383,0.07211127663621597,0
0.783281993666754,0.8431569135049407,0.7951533938433514,0.7270813275413129,1
0.17022370546258458,0.9785713299534747,0.8954839336266485,0.9646094125900151,1
0.05109539644667027,0.8173744979203791,0.6539619689382616,0.6651471622085328,1
0.9647596627000684,0.8831813986631676,0.3753803627537081,0.4529001736963877,1
0.5647307728563685,0.2740151428286195,0.553728750663096,0.5500846511641778,0
0.9333462110861157,0.6900641198226333,0.930908305634733,0.710250880825007,1
0.9476355349365937,0.9810090784213387,0.6251208631359448,0.5551120080529218,1
0.531641891393896,0.31805560296327473,0.2856890835457342,0.49988103848476695,0
0.6898630214554997,0.034401290926429184,0.8211321814661549,0.38424678782159094,1
0.31878471941200415,0.0494552257269939,0.8782867850913033,0.205916373415714,1
0.9173651554547079,0.6744960601917609,0.07207349373196192,0.5333017296144522,0
0.7702006967666463,0.6106925298825255,0.4220480115306332,0.7173919819092213,1
0.921495432035338,0.2367059069815145,0.20560208099093946,0.14872037494532442,0
0.4883592000496928,0.3255027757221103,0.5085353894344614,0.8373223872676361,0
0.254567644088728,0.26815011978305614,0.20500249828780992,0.9373879490759733,0
0.25895672073183984,0.5219749871269879,0.2602223680316226,0.5362830375330496,0
0.5052054247386993,0.4820840822085102,0.12004529711797574,0.43437341756528225,0
0.5202959996660546,0.17961566562014875,0.6929107087124942,0.10933475153542072,0
0.1521864256056521,0.9375576574084418,0.08829121632620196,0.8416613288537017,0
0.06624133284835665,0.29945289872147984,0.829617852523668,0.2996643638293598,1
0.7375343541125113,0.27959934736181236,0.20660523423054356,0.03823895829536039,0
0.9369775778031296,0.20486051818609607,0.5194627723272542,0.2419379332165782,0
0.5016840521981576,0.7444704049919849,0.5925358088321369,0.3727797569465058,1
0.9089456522546704,0.803983914909221,0.6833423536817025,0.8092578913033914,1
0.6458639767562355,0.9156113178120648,0.7615132664858231,0.2874129582792998,1
0.22610494095127964,0.32202921444371624,0.47545028398176536,0.84168923129256,0
0.2059920944569411,0.591672510389188,0.817837552346478,0.477635991253637,1
0.7277517608625492,0.6674393308775307,0.9519019823633518,0.8867271072079619,0
0.21362517982413431,0.9567963207019112,0.3928003655689718,0.6211330653489167,1
0.5744701806960921,0.32919019579546027,0.7367306061461693,0.6370475502706514,1
0.45421056415726824,0.003892836261113475,0.7595572099464782,0.297585119541102,0
0.9688254335219965,0.9817419971697681,0.6507742601928397,0.199640382233223,1
0.8704787206428839,0.3614833501247069,0.9245888882725525,0.26660474773098275,1
0.4551290571780686,0.3699041373384907,0.7855438771230525,0.5132504509553245,1
0.5897317393311653,0.4796597806330911,0.9724540346595559,0.6223698110710687,1
0.4602437272932456,0.7550105747611433,0.5206422698969373,0.01894574351309919,0
0.06742134168749547,0.16932442154220662,0.6673174701618182,0.5274731083195198,0
0.3901326066050742,0.7417198522704634,0.5504860062923252,0.9136999323405934,1
0.9909374893202362,0.7318045147105183,0.6799258583011301,0.2420449223096729,1
0.09810769259659236,0.08341506874521365,0.7856999315702492,0.1462525875004026,0
0.8896352347801015,0.6025181956386447,0.772213800266135,0.5673055954118198,1
0.8209026719509018,0.19038078557196436,0.6672831658000355,0.7793464569864809,1
0.9231615462606376,0.8423000864465965,0.8588417724549227,0.2624501880309137,0
0.20433847264607385,0.24618668341356775,0.9917703145601,0.8813123761633676,1
0.007249564993188962,0.2500160007385773,0.7238601498766801,0.14533009426173815,0
0.5656005324562783,0.9468385484935583,0.5769462229106923,0.5254501878312942,1
0.3026838994292741,0.5646662844650635,0.3786343220359042,0.5727022047074722,0
0.7657595999044711,0.5031293358684831,0.8786678646386162,0.607001069092571,1
0.07302186118178955,0.39488632539169144,0.13390417398200605,0.7382192412683181,0
0.2575988365042876,0.04611005242485966,0.9925735135124876,0.43826041669777716,1
0.03751125250652576,0.8043417741137019,0.08542888725918496,0.6746788877711188,0
0.9048274049899124,0.6939324472751623,0.7791031563033031,0.5586830987312775,0
0.022721913900973778,0.8274494986872983,0.9537083040167519,0.3591339586849631,1
0.5053869008883495,0.8516384807009856,0.5630447949946897,0.5956104614667463,1
0.7197515233789457,0.7803697995905693,0.16823985648124418,0.4379948280861683,0
0.5892139415945218,0.11921526455335563,0.1910453451866322,0.3203846219282136,1
0.4565911798407699,0.10149037401025274,0.3631738131951462,0.3967360646783471,0
0.8953241132918351,0.46851453046560976,0.6736520516576372,0.023892710785069826,1
0.5950217220898595,0.7237823761130324,0.3398562169667436,0.40893748564072785,0
0.5618448261416282,0.2280594477883292,0.8348649371623933,0.16096428366904347,1
0.22916067336551216,0.83260735286367,0.9771379941856098,0.6754051640696788,1
0.4821294535256796,0.04365148749070036,0.5039667004532938,0.4535999699045046,0
0.4798001406946286,0.875161223770605,0.9821601624485999,0.7934915792178018,0
0.4896912233047688,0.5544064839509347,0.02519187106917331,0.3687024802832404,0
0.08969890032242911,0.5487647456652088,0.9896363188829504,0.9389043214374962,0
0.15927514200386395,0.44952352177455346,0.3430116597307058,0.6207307053450647,0
0.6556152774774427,0.04175631221403742,0.2843577223845142,0.9186684877826462,0
0.40701121305651944,0.12156344178322476,0.5039207857069774,0.5404092444435025,0
0.7614239677245115,0.6267577645840277,0.7026138649766985,0.30817412249471454,1
0.1008951803442073,0.21206688113658068,0.03181156480085989,0.8678582437443064,0
0.39680807620148273,0.342251610612783,0.3400148336664821,0.3314641397420631,1
0.6464125631554132,0.5905471218190762,0.4428559659393366,0.8515219403628398,1
0.7801618406107199,0.3311743760869795,0.061631383175047794,0.589424188337829,0
0.6640080498891668,0.8336240374785842,0.6755162380606005,0.9624417736908379,1
0.25904149346639727,0.9089415584253796,0.9006840537259667,0.7685335660399006,1
0.6175241370134166,0.7518508709639379,0.4974279038633286,0.583001946855752,1
0.10081572324463861,0.8963461970942003,0.19892068711778588,0.8397606069472362,0
0.13294585844335127,0.45342101308226945,0.0044360043950316674,0.16451514415952717,0
0.13382841447582494,0.26821453866094624,0.3474198598431095,0.8458515259037515,0
0.4882481163831669,0.9280582779026418,0.6513945327005956,0.7984728380303254,1
0.16876468753375462,0.40021740956422447,0.7420486197686131,0.6086836075276514,1
0.004199910723863831,0.3407766877161452,0.10064269236799928,0.9927044585633826,0
0.7821729128006114,0.23117404178169632,0.6984136873582042,0.8744294855790676,0
0.4955742962158921,0.6466617242452907,0.15584078966167436,0.6933735886571492,0
0.736436014342543,0.4414065491656649,0.3621538871680219,0.5182029573465053,0
0.5339512946314536,0.35504832827541866,0.37252879093248326,0.4475295570130029,1
0.7112720901085404,0.6465703886392152,0.6141958273138963,0.14840564016304003,0
0.12663150250866007,0.047860899728287,0.019028153713428142,0.883110698005735,0
0.22974327685174611,0.4692934830216082,0.6117229594284165,0.25043014522216267,1
0.4383717686044297,0.9514409231273083,0.10144741350864162,0.03987603083997393,0
0.08448531277700777,0.9771858853276946,0.36323660977975425,0.6943499825229554,1
0.6041265488372678,0.6882977370742858,0.9758340387606793,0.6626517148302589,0
0.08448538533685734,0.1878745467522971,0.6487739882520647,0.203664896196194,0
0.5915522409921239,0.6774691327038833,0.952753039097314,0.0536846832669603,1
0.5553866100258705,0.8112282132269389,0.40505991419746434,0.9598694764619793,1
0.8408956337945351,0.9689204595342209,0.32477544962581206,0.2455275965897945,1
0.9274475676233792,0.42614315075778564,0.6966544954336839,0.9605586234048361,1
0.9241606421458035,0.20225610333359767,0.7437836627324035,0.8914312018522007,1
0.8939367229795601,0.24973454748055846,0.15633451828624234,0.478761409581798,0
0.28919764376232726,0.12552528957677644,0.8657097828987267,0.7970809603260368,1
0.8582451115373835,0.15770620012360737,0.9299379836705923,0.7146761567128019,1
0.986421636002479,0.16372143397723427,0.5280305074962113,0.3131115505728137,0
0.023968611239552184,0.4962182346958206,0.6238714354047169,0.642321302729577,1
0.979864688407811,0.5491007075968878,0.736776312477405,0.48002772852602005,1
0.6265089901495503,0.3058499962742831,0.6971130609792097,0.9547741376198837,1
0.8689323862726576,0.45491976721780136,0.20063965957840257,0.07526775281262654,0
0.15573839516876664,0.8374935859623056,0.3255468440301448,0.04236006195433395,0
0.08240018066900845,0.4514214347055826,0.03269547153846397,0.734756743270119,0
0.3655669433333868,0.6732088253759099,0.6551218051561114,0.5978647784160492,1
0.22079634007816895,0.15296726128930394,0.9250653295398624,0.9989889092854631,1
0.9652321622078025,0.22263620248651783,0.6314853448195495,0.04874080658564239,0
0.6115265467679731,0.7332706977396386,0.07934254448070088,0.3448276899974808,0
0.33871845976404014,0.28026586226083305,0.1540270492700082,0.39213900723230866,0
0.7380904830860316,0.06709683795958565,0.1840371000320895,0.38271356733500017,0
0.4852509255293236,0.5660613294051012,0.03199474742897179,0.962501774686233,0
0.7915519997422602,0.611642465984667,0.4739586771926413,0.5778300144426461,1
0.9899847165190825,0.30235113658681034,0.7408939825427848,0.7740481102515491,1
0.19297715054181175,0.7905408948025209,0.31833948086227604,0.037762074318617334,0
0.9101537809144924,0.13164353362211634,0.07516761717326559,0.35693691381641446,0
0.8013409542028345,0.6690709821682291,0.08990108017182308,0.5774753071323712,0
0.7385933266247936,0.8058874981657898,0.2287700043146298,0.7037341166319387,0
0.5872313389228181,0.8156451356950919,0.01793714585477635,0.8029536796120974,0
0.5073293286587303,0.005828507093944113,0.2809161927187126,0.554668121119602,0
0.15943793428429287,0.8478652277303044,0.09281488499548896,0.08780344332874324,0
0.5299904412038063,0.1736763315571599,0.8602089726414137,0.9870916748959301,0
0.5012666832900184,0.7106922432672318,0.9463978927818564,0.0695585399134413,1
0.16225686039597997,0.10059275455587724,0.3855144834368651,0.8601267629657399,0
0.4560983769777134,0.719602398443027,0.20539429113993846,0.018920769491968303,0
0.42416287941835906,0.09981071448767409,0.7723113020432358,0.10194597329795907,0
0.9719848757713113,0.9430005122961853,0.2272634463274702,0.9100219690473367,1
0.5726250918197238,0.374353600152044,0.26952723074426643,0.9781801078539628,0
0.4386190784333571,0.8041031752745736,0.8510383660828444,0.9661489084464912,0
0.1723290640577887,0.7041674356220194,0.019379714943358217,0.7704519697526969,0
0.7410267145270293,0.41053277590664916,0.31309533341099727,0.009342712461895997,1
0.8075092890920258,0.9594581854467991,0.18719330133711098,0.29584767906236886,0
0.5978360371445404,0.46106948734647846,0.07864576598242057,0.7191590559603367,0
0.5564735764721825,0.26745171198240636,0.9814841102626659,0.35056102292880276,1
0.25811959376654503,0.5359257552118473,0.8858347092457501,0.17495491155745502,1
0.31878189484235253,0.08863909774191503,0.640632330572385,0.6718695371783675,1
0.21810665168978893,0.888231802799402,0.16574346029624176,0.9725029900600948,1
0.018874311568051194,0.054034006180060046,0.6174724101653165,0.11698072913095359,1
0.6269455727563439,0.8794622283416059,0.15947214785148578,0.35211608986258447,0
0.6145533800933279,0.36623645479993816,0.8097532069445516,0.392367243708851,1
0.37693751225551453,0.4419379099333077,0.41186527371468695,0.2410463634546074,0
0.48902597364175326,0.008685720064625646,0.07127682463007812,0.25368092629112227,0
0.5238824221102213,0.7832379783856313,0.248455928708622,0.6923361196770283,0
0.10870376366074452,0.0690203830398064,0.7427125905786709,0.8862408944268374,1
0.31806846062217786,0.23474905550448877,0.12099229794792654,0.06713581435885996,0
0.6090408269829395,0.9240054145108716,0.8893037798612557,0.3428761327627816,1
0.5816878846204316,0.4853356496741096,0.1507602190706102,0.4079201803511151,0
0.849082385870598,0.22924012856563802,0.5657083547431976,0.45995968102223683,1
0.32460313749976666,0.7547135722074345,0.9867406420426164,0.9196111723757616,1
0.3028209017587583,0.03527701767800595,0.573898898363445,0.4213796936326589,0
0.13126442269289296,0.9691103266826088,0.13007079430364932,0.8380548525213424,0
0.3439238422339538,0.5711026149024413,0.3841036658303465,0.05056374326928881,0
0.666184023625429,0.5934242248187309,0.09990042843829938,0.34323550709929906,0
0.7006239333941576,0.14697437219485732,0.004459729788693023,0.9448912680189805,1
0.8978149872401127,0.9544078317718534,3.256577836774355e-05,0.17050090807338247,0
0.9322809840912167,0.22528959639449941,0.5720896951180089,0.8610222207058044,1
0.4971588324925754,0.9099896749061173,0.4822984054044701,0.311468247154879,1
0.47745952062009045,0.429644425625179,0.7737383318929911,0.760476561158496,1
0.018847615320003563,0.6129559798587321,0.02835252396287058,0.8946217414803465,0
0.9467930180227647,0.5170352826418562,0.7159224528560594,0.717882902748019,1
0.19503438353484737,0.2417225452158963,0.7770520902288675,0.540969892356006,1
0.2768807395637327,0.039098194874529146,0.10298764192798726,0.713906510021232,0
0.3651832106798908,0.9826968758095819,0.8327896671521184,0.18209305737040649,1
0.41200162505767757,0.8421965033460814,0.2109454370796866,0.4995758150705494,0
0.8657519970552161,0.9405432579711385,0.5060562107354959,0.7153125986875051,0
0.8943796468938375,0.3998161975183887,0.141172195457003,0.8947705830516901,0
0.05189224041003393,0.5152936080436441,0.19553805493177046,0.15070375559883287,0
0.7729830560496499,0.43431140556586045,0.45956428894284984,0.42476445643736727,0
0.8725754709816677,0.8584733657649094,0.9871101744623526,0.590615230503214,1
0.5154058199917475,0.9650926713391186,0.9879775341984434,0.2889149037236064,1
0.945626930626521,0.8180748472746817,0.39647095117627673,0.2752548613623059,1
0.4230197607139323,0.4660878709856696,0.42346981408396056,0.8982787977598321,1
0.557870545330096,0.9767371323454336,0.19940826894888863,0.2759785995529853,0
0.7959770412036309,0.6674542108737137,0.08393840752063253,0.46481679669804077,0
0.37184086068622535,0.28534290127901685,0.29786372218165025,0.008099902812298887,0
0.3943037691188481,0.6908361644903086,0.8887652336370131,0.11745528459859234,1
0.6028077478982956,0.8797559647827782,0.49128235110978535,0.5732036302294767,1
0.21696038830433806,0.4326392672024788,0.8445009410334998,0.11357551351864026,1
0.7263427757311776,0.9238792413494511,0.5991316661904377,0.20436568994230941,1
0.656955683073531,0.29784284286083573,0.33063704703166474,0.3769732251899395,1
0.3835613598650339,0.07141741353914499,0.7631865095654878,0.1876067393967059,0
0.2231491146692015,0.9961442134882574,0.1197623953819672,0.8366453370296981,1
0.4057566492919408,0.19080286180425177,0.3189493025458554,0.926029092954827,0
0.552485208219244,0.4728124774251853,0.15473309263435076,0.6437144185610176,0
0.3713129915643797,0.19581870593436534,0.9394692863693594,0.7836726755536098,1
0.18424584719681059,0.5756280846893941,0.2694239409593747,0.8688132294119193,0
0.05530001185625055,0.24220471684033384,0.025700587015728416,0.4542207902600276,0
0.512308225971088,0.49712408174348044,0.09777562032375242,0.12374551051064486,0
0.8568901402277115,0.0686960876602003,0.06421210628365426,0.24255395899066556,0
0.39821937960226694,0.23481564817725797,0.8691223131570508,0.8633114782654397,1
0.3006354888666217,0.4861757680383081,0.4153570730615067,0.09997167290377373,0
0.8236881817698648,0.12629222032309562,0.6415003134049405,0.717424547911891,0
0.14117828335662674,0.9176944101578909,0.2932391739203677,0.7405009540543644,1
0.4158329808848459,0.8153213595262434,0.6996250572944946,0.09213450971347148,1
0.23273184952273918,0.8471998067160114,0.17400841745935225,0.11032637358238462,0
0.008381228916574335,0.8268862696745237,0.1113662197277352,0.7572207883822321,0
0.708004022283422,0.49735610859189827,0.30882226263402013,0.6866444635674094,1
0.4055992794068136,0.7764935100904655,0.8630730609698956,0.9001806144349532,1
0.6970668991296645,0.8206661894727412,0.9508304859997937,0.8962196663094488,1
0.7918272556254828,0.26308536676994376,0.7048198126592533,0.7182592105180398,1
0.8811295245056088,0.7139752508507029,0.8914533197134059,0.38681944509652677,1
0.2468600491923475,0.8172372886231939,0.8848540289577358,0.3318287193053473,1
0.1229140298884367,0.8217962677614253,0.2504011933431656,0.743394837330279,0
0.6326934277747819,0.07589266911419812,0.7348703202528167,0.041201925333051226,0
0.11600724404158735,0.2537227214156984,0.5163296238438264,0.23234045145582638,0
0.23464762262208672,0.03999102864720894,0.34296929645120977,0.7577051273390488,0
0.3685927469171152,0.7791029373971186,0.3036838260800987,0.23509328059951906,0
0.16124033402788052,0.569052042660046,0.570418510107459,0.10124388046087374,0
0.24552354412971056,0.037426935648530835,0.8722132897824245,0.6815096915281368,1
0.009129309845404388,0.6645195198280968,0.49005200622353384,0.19146585324916343,0
0.7853569625627037,0.747837056458612,0.14140473534674924,0.9957438377195345,0
0.703027856166809,0.5117097201330916,0.2783568596437973,0.28227447300916164,0
0.6183118028689898,0.13879135483956273,0.46532030125785606,0.11594806520149037,0
0.3359831653675337,0.5248581133774396,0.593338233127261,0.2547108975333331,0
0.15464512393727148,0.2334126220009054,0.8272281115979893,0.07352813711319117,1
0.21439334657082953,0.4137606960532283,0.14438437917948477,0.7216223686082915,1
0.38689106738301837,0.9698840064318922,0.3599752925144776,0.19926256579326118,1
0.9121618406946049,0.8242288113214399,0.03881466162071612,0.026871630455010287,0
0.007312533349621009,0.8851815210722741,0.6493754308471007,0.3457175959665014,1
0.092216203672142,0.41988753374274224,0.03753426426141404,0.3054735376699871,0
0.7021076533823467,0.1533708536406212,0.6703945460703026,0.7589543926057506,1
0.5532531417030101,0.4653637509702465,0.3338425649784156,0.306126172410089,0
0.3875785237196676,0.3226921721094502,0.36385501225293737,0.4071570239060134,0
0.5689307574298904,0.6782130566095412,0.490227432511261,0.7455994456349043,1
0.9165351324715719,0.06784791949184477,0.9536948472817002,0.46559349260590555,1
0.4277757738629705,0.7624801234487241,0.655863846808894,0.07744512224131306,1
0.7424385627368124,0.2177921873983697,0.8198596228632243,0.2563837163736009,0
0.1633466029091214,0.5719040995144351,0.40575330403473575,0.39623755063753574,1
0.2865400067751982,0.11190652383200528,0.8865960978581692,0.06657670983205477,1
0.7871780464139622,0.4714295231837108,0.49330531573742287,0.8621510435835755,1
0.4994666619716911,0.5057185647237684,0.7279653985212488,0.5003547506484654,1
0.07843575615577036,0.8383111664831159,0.3954840685509807,0.5130707752119185,0
0.6147357728096579,0.9293802231273466,0.2785849024783643,0.18868245264026084,0
0.8682239209674016,0.5647291024845433,0.08895612325732793,0.9380407955923568,0
0.38154080731842044,0.6579504872043159,0.270090946047682,0.7854440154590122,0
0.6588287875087513,0.9184439551172484,0.16980097832847063,0.8947018177049525,1
0.6745842517354976,0.05114879040511644,0.5326562451129392,0.6015965722599018,0
0.1474668098775197,0.495041372630037,0.38632249490923243,0.2796959517441009,0
0.46389014121031424,0.662736982905262,0.9717407196180466,0.7248203558457971,1
0.8678433033642574,0.9938934682394003,0.18539384241692447,0.9383049734454573,1
0.7742821425606153,0.13383580519485871,0.9126784843888914,0.5466901989592639,1
0.20992842271139822,0.05631719952660308,0.8896667233993016,0.335732882887843,1
0.027600655942816466,0.40819360788167613,0.9475867665423774,0.8921084543386212,1
0.7249496306359174,0.10117746992189669,0.08362399906805229,0.009306326166915957,0
0.8925980942372145,0.6026352916250629,0.1875944232593585,0.5135696301230058,0
0.8379294033223974,0.5437607227923903,0.23846419575607436,0.7929019099959534,0
0.8121051936679461,0.8190433001886186,0.1660774779858225,0.8486605050445208,0
0.19239504445781086,0.827718087652418,0.3135425731514797,0.8132724977187229,0
0.6780794408789405,0.07450008644330286,0.6747612609925854,0.009602675192724064,0
0.658976341113855,0.9535363398034544,0.025529416528362936,0.2660527376013859,1
0.039750721762654484,0.707936748192299,0.36054359537874736,0.853812113016288,1
0.4640312468294314,0.9449939699105253,0.5308205007506489,0.45770065035050034,1
0.3451526779465467,0.9315433670509258,0.7032375287997202,0.6403018400917128,1
0.6034183036175985,0.33592445610257704,0.6596204634638732,0.58811977336039,1
0.297287138026468,0.7356081473819976,0.960958607755193,0.944409307282379,1
0.8879748739802338,0.5800825452525153,0.930385077802796,0.9471101890242198,1
0.3882098991608227,0.17526806042437748,0.5247006016476747,0.27891445850084495,0
0.6916760883622981,0.05571743192964207,0.9830295952811968,0.8244849172704061,1
0.10751282726837408,0.9481599857882589,0.23743554263284794,0.710036390452521,0
0.1233753949219103,0.22859573474522676,0.9002120592468654,0.3298304705297739,1
0.36361357140356065,0.36221431564298623,0.8928336599587005,0.7684388379128657,1
0.8730366789345437,0.3683930205448116,0.7239812450831589,0.7113369616932161,1
0.7407183378991288,0.8564169281730271,0.7881039724918891,0.5115346758692644,1
0.20731140309717921,0.4067445822231579,0.3687988457118615,0.6778951410343628,0
0.07309297855085584,0.6144390574862717,0.07978496673916835,0.024156237439545425,0
0.8637532106256546,0.5848670338825304,0.4255344260521887,0.43933974084801364,1
0.9917232115601123,0.021821639474429166,0.4103129569142072,0.8999643191575327,0
0.2754058842143867,0.3319249373779273,0.505523500220498,0.08010727859556699,0
0.2914646281345029,0.1552595231267282,0.9462430029762193,0.8083273686008884,1
0.4622078764004549,0.4314928016370123,0.8514080235185172,0.445237324108811,1
0.8662057422963516,0.8918494359917525,0.41799425888922115,0.36423992696404195,1
0.5420855052966921,0.6693820938710835,0.3380371766513389,0.07184714803731951,0
0.7899906717327022,0.6272655523922486,0.08383395971487295,0.23335521855017205,0
0.09575518738828048,0.9115747752586845,0.26444593942814054,0.36582909423323395,0
0.7044010105016616,0.6598410228805442,0.876495912948533,0.018001185071557235,1
0.8481383886020439,0.636912409301832,0.5531391827888917,0.07209931001337477,1
0.022583670809272927,0.001857509905787369,0.6984551692281119,0.564490732346652,0
0.7447679717465487,0.03345498451083362,0.7257385954869434,0.6360521123474844,1
0.7841944992628975,0.13139009540275715,0.9617590970531007,0.7876439902053788,1
0.8487851962133537,0.4422751657168196,0.573751749744982,0.8326494611038583,1
0.14348312280365227,0.4113438362045838,0.3481398338627154,0.6232736606324096,0
0.4029470546114188,0.5729614242545759,0.3797235710765803,0.6439013868220338,0
0.5724862667432302,0.13408646623757625,0.7916036899533102,0.2978682746221012,1
0.6619264395381105,0.5396584827355196,0.42087984098279807,0.09096995833838828,0
0.6905410642348654,0.5374474722051759,0.019743739942223004,0.7318471584698899,0
0.6956367760001072,0.23408126282273456,0.24470937675609739,0.8545632489648752,0
0.3808578680693022,0.5423061254925066,0.3010625790114244,0.2088666522350462,0
0.8557400844223862,0.7030851453848849,0.4669389157321381,0.49390523838433353,1
0.557124569293969,0.521473820581961,0.2701456537767859,0.003683069951585627,0
0.2415537012382306,0.33554903007250503,0.4170563999555461,0.24304175022708918,0
0.15383197371672397,0.8548369904469152,0.6855758164389745,0.29254960767655136,1
0.6395623715050309,0.19891770004112053,0.4885383695660279,0.6113578976543614,0
0.0011695237639259837,0.4367199926376121,0.29111039541880146,0.0036441285022587033,0
0.6526854231105689,0.8038696843228791,0.8410596490905616,0.2665227215168734,1
0.6499049181998919,0.16397146783769145,0.8541169647794973,0.9359023211106174,1
0.054146769991883725,0.0672528739938002,0.7557177076978653,0.22100147181669905,0
0.8489595268041958,0.7276729617395562,0.620642296448295,0.09362660087285579,1
0.7411632083004547,0.9857543502363192,0.5075871284105634,0.9593152998288383,1
0.822304368591094,0.33340653190055636,0.40384157869570825,0.1554042968933429,0
0.8702043278793864,0.9041407635149796,0.06622049834047317,0.554376691743742,0
0.9261232298669545,0.7406203222931192,0.8080575575247695,0.33994587215892114,1
0.7317074464566099,0.4102862277300704,0.6853453117593572,0.015494931730808181,1
0.08591797179137284,0.36586105271531943,0.5346750714036717,0.3877094126626016,0
0.5398537666257657,0.7747914981009794,0.9982439619405755,0.472771479163983,1
0.9071737445447579,0.39526156211782404,0.13336444986934382,0.2881302574852934,0
0.9490990146385013,0.012150437945917636,0.3374253195778031,0.40060512115450975,0
0.42359108119001354,0.6272660450513871,0.11478080434313243,0.22867831652079174,0
0.5521376758917369,0.7348790269798429,0.9963616563780852,0.9916212735923133,0
0.20046372204331442,0.9398670546634975,0.6517671432022086,0.36804471309879905,1
0.707079463200811,0.7090167904009949,0.1078830491719227,0.737978475048344,0
0.0797935636695184,0.2900689006053687,0.12837121070753088,0.27047808275825,0
0.27954492501869055,0.20972422805782542,0.6722599826789488,0.329664170213793,0
0.22458832868618994,0.4384747894578872,0.3148961174675575,0.937272814539969,0
0.7392074206890145,0.13594701709901214,0.2239104822917386,0.5722569327895494,0
0.08938420039431905,0.6131705769330262,0.6078107208267607,0.36259483737119913,1
0.10065657685415752,0.6669824063003347,0.25462128682253327,0.48422490487659076,0
0.16673836289958,0.8356186911298561,0.41815625236890464,0.9277825997578775,1
0.5445418826311414,0.09553779807843488,0.32483540784683484,0.6823055974077932,0
0.327545175905285,0.7167694372499096,0.7846746000562548,0.10655737534676801,1
0.4730003113826853,0.6441250556199527,0.9703697426296545,0.6432921256583805,1
0.7445044352170085,0.7734007538818851,0.8596434722683113,0.5776525735790315,1
0.7866164989362577,0.8085281347577937,0.3239684698470161,0.73732099990126,1
0.8330991143984591,0.6736413449115521,0.8003074428832211,0.9326774845268446,1
0.5560978367127829,0.09452032498927398,0.7983219946815194,0.002887799911779121,0
0.008820341339679127,0.02348468716299712,0.5316542379981795,0.4427817916107776,0
0.9414398731536103,0.48782417845783177,0.2704224408648317,0.3091552504669257,0
0.7536536556003527,0.7814920171852786,0.7101691970010947,0.5488237687686169,1
0.9329121864639529,0.5830554087002028,0.7959539089198893,0.4977599881473428,1
0.06271383940916009,0.31449856524161446,0.6114167925805294,0.5310707422205969,0
0.09663297510440971,0.3375708853140741,0.4116944422620574,0.12249873283706125,0
0.11060094980701662,0.5948141779062839,0.9357642742012577,0.538829590920346,1
0.45583849871909554,0.908125301131165,0.2051627965189643,0.752195618432916,0
0.9529826441922843,0.6541221028932024,0.01543541392568748,0.7784895187522247,0
0.08521907546368457,0.4967730087603275,0.21519351466408976,0.19437870571561788,0
0.8137894623391815,0.6565631693751063,0.6201185236510518,0.3376973850685363,1
0.6024072506911626,0.7822614554874314,0.2983494645389325,0.9065434033193487,0
0.6729031439950186,0.926952271153459,0.4433020700729636,0.06304970500826956,1
0.3810652898926914,0.1116315348465231,0.25341798793335657,0.4535190005271982,0
0.3354295920989323,0.7696509735404702,0.77701870896503,0.9586312017471693,1
0.7808455354169552,0.8681631299302327,0.41843204807984735,0.13201666099612386,1
0.47638594854457517,0.5174656730491836,0.4133566548060795,0.6101571115773701,0
0.9665668513563718,0.8931611645651032,0.46325065708821533,0.9733546007646621,1
0.3422624678356667,0.42909610238349705,0.26206926798607966,0.23628242679343148,0
0.8426020503289606,0.11698872386951265,0.7859436411121444,0.10936225224208762,1
0.23903409560418498,0.43610062627101165,0.415614669043743,0.16330275504481406,0
0.7266939853543269,0.20444441866093577,0.7253909787777005,0.8394678552241609,1
0.47254908057141576,0.7339809994249574,0.00625460342598716,0.18752879934811295,0
0.4353517236035548,0.39648557711752197,0.25639170044510695,0.5806687766910001,0
0.6511576474893027,0.582656827397303,0.3655907363761097,0.969296664141623,1
0.6251576863535027,0.07402677630832899,0.3100091700931147,0.613812043564914,0
0.7692750076441568,0.825913439831556,0.6301999350131853,0.2619067608877822,1
0.6984545693956881,0.390979416856465,0.012589290313269164,0.3465443609421561,0
0.4440227409641404,0.4758103065546925,0.9915267465620543,0.3132633937730692,1
0.8099181518433306,0.37672582616656625,0.8392347097207794,0.7948681129130158,1
0.7512338578076434,0.8784535197815211,0.519053674090946,0.543641033914449,1
0.8350572137223983,0.7758938245781773,0.6253638188645974,0.6070326404453992,1
0.8322477093613788,0.43988030288779867,0.755379828853538,0.6014841511491575,1
0.06188909238316831,0.10457703233131654,0.9887016204651388,0.48023804324779396,1
0.4310175872638877,0.6642009378061705,0.4205036300327466,0.5854251015312577,1
0.5526811936237708,0.36466355544539497,0.24318116994738692,0.5109403948555056,0
0.2741753561332225,0.9895144683226945,0.0930204368840023,0.9315536336259495,0
0.3859695114110636,0.5588066900601334,0.4303737232753647,0.2546604415111122,0
0.9269959660645387,0.9885165195474757,0.8255078679433161,0.23463274064934336,0
0.36766790802251026,0.36508418870799075,0.42018415522073815,0.2567770386096545,0
0.02418598101624958,0.8433856008191023,0.7712779689354767,0.6784550204670801,1
0.42999187326854527,0.8578419093827023,0.22688129508602695,0.578003617495238,0
0.6187073153741174,0.122145919226198,0.5855637613961314,0.45140376985079134,0
0.15332847099042302,0.10923476798678489,0.13668401671981922,0.6733112297606308,0
0.7115655755001734,0.2247006924073328,0.5594109310436066,0.3687057431224696,0
0.4861783448156868,0.564334324434172,0.7301495508849539,0.5870283682098518,1
0.8092090318246291,0.4900539987758741,0.38869279330085005,0.2893078467270902,0
0.1912623714912226,0.19276649349800468,0.8590986705807014,0.9478210174276523,1
0.5739492116726462,0.053921338644932426,0.5157482357599481,0.5626409425612835,0
0.8864130107703072,0.26111093382104245,0.9766683686265435,0.4700435726979073,1
0.8465980421420101,0.0380384689193789,0.8984781257714665,0.6197663397639792,1
0.4254632805012767,0.9479251107051768,0.8871180958076805,0.6997910948662445,1
0.7809911280154483,0.6003980078318447,0.7984505350512431,0.6753659440613781,1
0.06971361229888762,0.2444558454650415,0.6495344354487912,0.7375194643280925,1
0.6841605863402037,0.7775011853121014,0.11285446863379411,0.6444497847957961,0
0.061459227717252984,0.6184402862859462,0.310866842870432,0.6299054491688293,0
0.6118263264755812,0.13730431890954675,0.5440672281287999,0.587755856280428,1
0.12962460056353786,0.462063676237892,0.38551055671105805,0.7825605219963284,0
0.9983332852744562,0.28616836872192897,0.023753710181736998,0.2749999977344605,0
0.3836262599946352,0.816341140502356,0.604234617430116,0.4495052864367216,1
0.6941259603070525,0.9513956340555799,0.35414770910227,0.033773193481794084,1
0.9958950304753919,0.8936494224881176,0.5895951461407221,0.2697420874521608,1
0.8967091200468194,0.32411368823614894,0.9883340237456867,0.8239196734512972,1
0.6843076100280253,0.33436884656616317,0.09036214016369992,0.38805077022791234,0
0.038130237466731165,0.915643614500094,0.5102821626114292,0.2854994792646701,1
0.7294994512699919,0.7649064773550975,0.5519260474244077,0.9053558485510156,1
0.17788055651482393,0.19996219665567438,0.8239774298964117,0.10285025334365505,1
0.479973919826037,0.6374074505743771,0.6401164672492634,0.5484236258245752,1
0.41812827566901034,0.5510976266918616,0.7514325569656684,0.026468475246472,1
0.7995904450660365,0.6516346278821814,0.9701829126099971,0.7434956309422803,1
0.391611369565778,0.43341162816384304,0.7589564032745449,0.31697342036703746,1
0.23040815341744791,0.25246049307883955,0.11438106414032934,0.4796952802556974,1
0.7069463956636728,0.25009077438301,0.055741583454389065,0.489512022309756,0
0.28864360845728165,0.7839484934987544,0.0417005150685793,0.37812291300152046,0
0.928520966393245,0.63433058452608,0.9392839048982499,0.7346845249756954,1
0.43491050486409855,0.22272661529187443,0.5106810477398206,0.20913365143835294,0
0.16957266095049717,0.8886640105194838,0.3517666272679095,0.6130695143678679,0
0.8779873249132181,0.7978540169115195,0.3286021533927709,0.6050158028047025,1
0.9005024201017147,0.7231363513068508,0.07899263029071757,0.30433233474660215,0
0.5691313386453772,0.6296827963128423,0.39264107606571175,0.3347214711411204,1
0.0852928331107291,0.9493272163035381,0.609253718195056,0.7653894042105315,1
0.1068968289042207,0.6200245037249948,0.06172826566828671,0.8023448576822384,0
0.8092693799357411,0.8914040174866665,0.24805983859468683,0.2902402533954829,0
0.6599254737263609,0.46598128720434706,0.14654427881605336,0.18019436006922673,0
0.3919514951468738,0.397735338990829,0.3410642285282026,0.5873029649732536,0
0.6778989295840474,0.8862949158073997,0.23598616715456622,0.012685531370983494,0
0.024491073234532923,0.4032135034662886,0.8958690226936492,0.06609753398453799,1
0.15727884633534794,0.3918271069725444,0.20029225952955798,0.09479359350599359,0
0.6565393797371083,0.6901199506606079,0.008479573254444372,0.49381007407640554,1
0.8867025913466969,0.9701147779979143,0.07525262242588726,0.4550594954272399,0
0.8828124959238616,0.3650327281022926,0.26735630547388456,0.6069052489980968,0
0.05782122220375796,0.12977976826252235,0.28252040207501505,0.24093171536940616,0
0.8321778288205786,0.8775783821433206,0.5645436384873331,0.6781196578010592,1
0.5733492322181171,0.6990466974661969,0.5147755470024491,0.19307050215340016,1
0.7242002621022664,0.023003329003450257,0.9965255819695509,0.5767352991978502,1
