0,1,2,class
2.0456185172415156,8.716827176107119,3.863607449552946,True
5.5092916485336305,9.288575039955923,3.270660292014067,True
5.276108599756847,1.5938605996672794,4.661753802439012,False
4.8480648034870235,9.166944873352755,7.524650627511965,True
8.838690051286651,5.427100987605319,2.9288496925825402,True
6.8869804783161435,5.364835538839965,8.839109504539254,True
0.4320764485965689,4.9301124318083955,3.2846849727514513,False
8.442599900727792,7.054019742657566,9.164610875839838,True
2.4905532437208153,5.39634049185871,7.976459248456847,False
4.337437285554331,5.147948718186667,2.207301441216152,True
8.843838506507458,4.812063010471305,2.3193808535019214,True
5.589286378903239,3.0226556987616284,5.281633986471376,True
8.023126292891988,8.293886379510129,7.00262769996423,True
1.2679510493218327,5.320713971007395,7.876486676544152,False
7.757318194443914,1.4157205142629214,1.1272238016852953,True
8.122183898296173,5.476505352712957,6.437647479668611,True
0.7476367636729042,4.317185373648119,9.225607690382182,False
0.1751298260993306,0.6404710734097507,2.9606073935862742,False
8.965820689110831,9.84840712514053,4.8527348083899255,True
0.31145146719702255,7.093718087728118,4.643572427374877,False
1.481458562417185,7.81624287621458,7.076108019828561,True
0.5559687112780243,0.6497564592166782,9.118124811602373,False
7.115245686420603,3.0158641506872277,7.944494873392703,True
2.3841133493516953,6.511644858146902,2.803764153338628,True
4.675861161512104,9.572783688909428,0.736829573127018,True
0.26369287084311743,4.549392516657602,2.6449778386384795,False
3.706261069372987,4.5992748416245135,3.2442622597528015,True
8.266796627901014,7.380747477803132,1.0597149673547979,True
6.587896156718224,4.38128136884337,4.048478109654072,True
2.154036931565501,2.108715445094637,7.325873695334339,False
4.650096265597899,1.7470214601752043,7.141676884601607,False
0.3445869266267132,0.5358754648293729,3.6208130873397346,False
3.4806627304008195,7.906134816100305,1.3710782805007637,True
3.344582432177934,3.160253435509428,7.332625012188426,False
8.343086901766512,8.327113661417386,6.799099440153778,True
5.210515622256592,6.086048428767418,9.485732102452566,True
1.6988005514278093,3.6464437062821773,0.7933079121819564,False
6.4589423230676655,5.286944390637176,1.1601710925578657,True
1.2026134126088717,3.0881101560147863,3.0596001498987615,False
2.795678554785934,4.6701951659123555,0.18322479008220705,False
0.9282580851930566,2.032436060799705,7.632076659947082,False
0.21871095651629702,1.2619918426306231,5.448998075113611,False
0.6274995422858964,8.258911499518145,1.289456839963944,True
4.391660264035528,8.642871938312894,0.0024101491720718293,True
8.344205464172015,2.8843240323809685,5.857870935052381,True
5.802107283304929,3.9406092891133393,5.467255654267466,True
1.8396292125211189,4.051823931365114,4.226255017144571,False
4.016190892130678,1.1564303164305711,3.0216237888707598,False
0.46921001820323216,6.442053375418335,9.975472625983587,False
2.970536420232687,0.6075027757631934,6.875354319617598,False
1.752247829059873,2.1711620136290346,4.411358952433736,False
1.1104253353297022,5.961647733674701,1.0271894601622544,False
5.9286416769026555,0.32129858204834827,1.2425713052151732,False
7.774613646345526,8.374479448753426,0.41475016591119185,True
1.5244820997769615,3.4036953093340836,3.4703026130813432,False
6.393680759871066,3.9875262345906615,8.220178401850669,True
3.379072188219945,3.7546273734176605,1.1374998230462574,False
5.069877287109666,9.504230585175291,1.278771796820437,True
4.543932509541978,3.6711752685248733,3.161945592375248,True
6.916228457212036,0.12060308448767265,4.994618984273113,False
1.8003788054818015,5.900863047276806,1.0115190306078548,False
8.050030713251932,5.119646614255691,5.9199604579762,True
3.7313286404266655,1.0402573910780466,2.9137049195182376,False
1.9520581001354054,9.01158011755402,6.260762399095271,True
3.6696433088217164,7.710109094159475,5.433253089197746,True
7.035986847597839,2.8987836740797537,1.2872280111891699,True
9.323248323286995,5.206350111888266,1.4055851566364796,True
0.7919047488701891,5.505908305659538,8.955005022367635,False
9.103472574569066,3.966201672217351,6.960234469020944,True
1.904441543549339,6.5961029808246465,9.935999747902244,True
1.0566641364983376,4.2426472443600725,3.7608817135754116,False
9.25372696270376,6.509304537509355,3.02108535934148,True
1.5228856013999137,4.099884592881394,5.558962805602033,False
9.622824654573003,0.3199840745023941,1.7987284647563706,True
2.834769284465777,8.249443425162262,0.16614993874306871,True
7.688204072956298,1.3991177404180533,2.6311975157337897,True
1.0509328637976667,4.317688899961086,4.21981568970952,False
9.098496789267186,9.322917680233902,2.254675608004355,True
6.3222811244084145,9.8291885306519,5.942438670045864,True
2.0349984079832275,4.6294991374962,6.451799278992879,False
5.784539297961723,7.83855784128701,4.536236547854818,True
3.3984978274802202,6.842678206836394,3.007885791105296,True
4.676774587764313,9.732152578778264,9.7259869167266,True
3.81212803290632,7.671136127001201,6.1990975883847845,True
8.913494019778241,5.658648433936841,4.096538358115984,True
2.7992331055050257,5.5267994467693935,7.691757216995374,True
7.47915265823346,2.1845477477098685,6.47946543481909,True
6.603900479744449,0.4912217066588709,6.053080521729267,False
0.16263676455809173,3.2101907774252068,5.485020796576398,False
7.884522863568931,0.8574417163587855,8.599516769015713,True
5.451751861205075,8.952106606787813,4.086375613399248,True
2.819938352202991,6.861726285200097,2.8933437943141516,True
5.236923699998979,7.6105745118781245,3.6996110329717147,True
2.211587314050052,0.08599860851329799,3.0265517255157093,False
6.952938779501755,4.238727976713665,6.872596990941488,True
7.916477761142035,7.8573133995083335,4.9302337952789985,True
9.472493773426681,9.61778069494544,1.0518455228445756,True
8.171336699985178,2.253793177052812,5.259927586043242,True
1.034066269156495,1.559322092334171,7.6906195922931,False
0.3121005620411921,6.804071219995001,4.539478253015156,False
2.2507182890119735,9.377029298671376,8.919347804135919,True
1.957014600080993,6.537006513831777,4.8831733481437745,True
0.9691521448704288,2.7677046168449806,6.6942962835456346,False
8.128319160919169,7.7160110675730555,5.8618940041465875,True
2.4116991665687104,3.5607159766928764,9.168547164384515,False
1.1062823356825546,8.526467009061939,7.9675348691031065,True
5.2749841520732135,4.448319202622141,0.5402952910699044,True
2.7510341295301166,8.697860907365738,7.322297825980041,True
7.566963374606608,3.429581155048954,1.2608458973499481,True
8.691274870354878,9.854517302700103,7.94822286408829,True
5.157090352504808,1.7486731791871157,0.20700650523343134,False
1.5920060042769002,4.296198504482389,5.1371324153983124,False
5.9768168854574135,4.41560550079246,1.4041759336746795,True
5.499801747021728,7.804849437521144,2.4570155246240297,True
0.656912763441091,2.56238352699657,2.2932780578337795,False
2.7123230716013857,5.047573553209686,5.414674250048663,False
5.808520668485377,1.9157115316990292,6.035799637662964,False
5.7007435854030755,6.629270533525663,9.914623504647459,True
1.5737788102872685,3.8509902857904397,7.0026544482917865,False
2.020748128206329,2.8039035796497402,6.2173644911441155,False
5.409047930303309,9.962754833627942,4.196810500728941,True
9.90353701639728,9.878249086876856,6.347976758313956,True
1.3702604294368959,1.7692354189555592,6.400122081482759,False
2.421714414948324,0.24739530812372457,6.493767251007756,False
8.743763708890292,3.2988344066554487,6.181713562452935,True
4.624585768501124,0.22609484421427184,9.685229114047843,False
3.6043232885383834,6.691419725569748,4.0816482672132715,True
8.917375752704613,1.7563883518967538,9.357947974434307,True
4.800940475709612,3.8784455956396915,3.0789919752467787,True
2.683377414479269,8.393090773141424,4.198518464359768,True
6.60002882333082,9.331178947985508,3.085340002648925,True
8.297295986517971,2.197832489290116,6.072481573015162,True
2.436656249517818,9.816523082204831,6.5591182798181125,True
7.398418371415825,4.3309844442577505,4.4059868350588225,True
1.8740494262766527,8.053159271421013,0.8292012145656458,True
0.9355764440064651,5.1887901066939435,0.08706923962553792,False
5.9605101040524655,2.481164161142455,8.554558326338261,True
6.410343647109103,0.32156301192555636,6.870434078304123,False
4.876476299748816,1.466365006318382,7.792792403549536,False
3.6329842890826414,4.122267592333854,5.682580030992041,False
1.7340300097489914,1.0725014410957656,8.540066983079583,False
9.53954791479141,2.1625360014903263,4.478746278971645,True
7.027866276434523,2.669098648171465,5.5103439930138665,True
1.2765469184733813,1.2994166655856298,8.421306194355763,False
1.675062187981342,6.111402916021374,8.347605111380176,False
7.249869758600161,0.9531825203574518,8.92164050406491,True
8.315701691307162,2.236697473377026,7.524473766990141,True
6.947597887619768,6.976536834988756,3.780578074670152,True
0.661330766151168,2.1736930793985785,2.165646360752711,False
4.584797753658583,8.899038849236389,5.159108058452731,True
9.929415950057813,9.598503919163328,0.21508299627120642,True
7.084011420493192,7.098471506532271,7.031448722031318,True
1.3428790385810119,9.546938442802421,7.966904626238701,True
6.330723893824841,2.18513384646001,5.737501927621727,True
7.135133415384162,8.194160785852757,6.937581511592029,True
6.600383828014399,2.0166617167763787,2.6078971214663547,True
2.3992351535907233,9.619623522493718,0.19241705914963214,True
8.285590895001238,9.1737580967577,8.965103206442413,True
0.0625850130413641,7.558014167816677,3.3418640294327817,False
7.576802061335922,7.015340193928553,4.813655220346894,True
5.400359400022938,6.554591993602736,5.719996551002672,True
4.325406122477622,9.906384212023703,7.601413046883715,True
8.384085475070323,1.7227053179254082,8.189260223615356,True
2.054251323497327,0.1996222006855275,8.313428473935936,False
9.559029759860817,6.159062131358328,4.53861161923765,True
2.5682901924780985,6.274555184211698,3.8949628953003987,True
3.8731519373649217,0.7480043081912802,7.1977077073136,False
1.3734636720899218,8.247452848936458,9.754611731610364,True
5.55174749738404,4.772864296417605,7.9442509824443075,True
3.191755345478251,2.181877830785491,9.534314999759008,False
5.650329040998056,3.082151013935701,2.5881726372771965,True
1.2309110554107061,6.766773131575775,3.9768813133312975,False
9.274347631887993,9.116792333686126,4.963946459617141,True
7.0931788680589145,2.3027856453972917,1.3441794498958803,True
5.090901308511471,3.5164917533305595,5.038728961982603,True
1.0440335693810532,1.4564320391845698,5.144330220161873,False
6.998183717906105,8.565416253412184,6.984283876420791,True
9.775774763847666,8.087071680906284,9.768287789982528,True
6.888317761466585,8.067007798718386,3.283423767077782,True
0.6646329516022309,0.5629768830556792,6.291003490210457,False
9.83196846051433,7.896281592920847,2.535032833642309,True
6.096735340575014,7.269152294224317,5.953671051399657,True
6.806857022477631,0.5669665752866582,0.2548663395358064,False
1.8600411623715363,3.084718133689809,6.460610713966446,False
0.03721693743233612,4.7803261451550005,5.617756723551266,False
7.3917028105364535,9.355705666132389,3.1511620494837302,True
4.869895795103778,7.717231729361888,3.940414969533985,True
0.9173401338578069,4.725484135006184,9.55610336131039,False
4.2577268526060585,1.1386830373657375,7.236607508347643,False
6.626701465495638,3.842118567484837,0.8711626607166534,True
6.535962981997744,6.1541065495589296,3.9584095080024904,True
0.7621680248658103,3.529863502138304,5.9735964156040176,False
9.14392791432006,4.923639873884803,1.2149874356797485,True
0.476307377496461,7.102245320111398,2.0871821105818267,False
2.2158266766327794,3.5925040600998748,2.347048788359758,False
2.236164545448677,2.273030330129713,9.909023385869153,False
7.431004231506103,5.846996061886715,5.262322348972836,True
0.8942113393912321,3.2654886627942528,6.843994342371159,False
6.556025130331995,4.6348797515042675,0.23099253134069464,True
1.0277287207775287,4.855022659665006,7.709327948924925,False
4.015282197497169,2.524749026358873,7.158363920226199,False
5.987954988380003,4.241913181449494,3.6389419049645557,True
6.592937418721679,1.4320308927302206,5.8370226204885025,True
5.819379568600093,4.470233410748569,1.9045774406732463,True
9.163654846450136,8.278618206785831,8.54015478804985,True
0.25573634391534594,4.474644301267567,2.612698925482607,False
3.2071378940823845,9.999616539178101,8.194998041482636,True
1.7587789476109783,5.994079520933012,1.586314212997566,False
0.4662756792662648,2.6120863087637347,7.771590347060792,False
7.314851082438437,8.674370956743637,6.815758213541438,True
2.9732066715882177,9.438495916872586,9.182257080552041,True
4.285795811387407,2.296812664119704,4.2103042663150045,False
2.285930595401142,3.340830762994708,0.51216979724094,False
0.5756034178638725,7.948209280350229,4.79340168680289,True
9.371603086575629,8.841114608972871,1.892735682418798,True
6.570020067544736,2.8756234499676205,0.5801336419252723,True
5.195629759012758,0.3733409111248154,1.5490189504852103,False
2.432371428397946,1.7680450124637526,3.2301479412496104,False
0.8409405529796965,6.744475644620886,5.389655397873536,False
7.758931633275927,0.3869332567723849,6.268055258422322,True
3.9851697047194956,7.434272875517585,9.001923185867529,True
1.2532361664055847,3.9173805686107643,3.056254141066459,False
5.640079880566608,7.947143035345591,9.060386581448933,True
7.260950701243379,9.603635481594333,0.7293656223739031,True
5.568142566549863,6.151216969849868,2.920965898737361,True
4.156611522457837,9.790349364393137,8.246721897414574,True
3.4947251284419756,7.364593512015267,8.768700696025633,True
7.318549278378027,2.9007317844484035,7.63945743529975,True
0.5028931596065334,9.466112287129091,3.847315342617368,True
7.654888747585023,8.462288603154251,9.505168666402305,True
2.7105446999398373,0.6161660295443672,2.363524242266275,False
0.6679212905094234,0.1732166059870177,4.395613272304767,False
1.1922862964005876,0.6317468147702421,9.805868349070144,False
1.5609728107496723,9.304237143134937,9.51570339873906,True
2.4157996166582008,9.551532756986465,7.348792619941696,True
9.059178105545554,1.7573450445833494,3.3673820397399123,True
4.8410166005261654,1.5695865696097377,4.1667266984289135,False
4.772021628001124,6.794697996733722,0.5639150483708577,True
0.09567070870081684,5.3381006529932,2.7321535362542084,False
6.612003904289522,9.835122939041257,6.017829267964339,True
2.9365681543354216,8.161143133884947,0.3825433715471971,True
3.445366318476535,8.454995400529912,2.30866566062901,True
2.6192672516053586,6.36860629886761,1.0144953399252943,True
4.8526007999154075,1.0220066738127154,8.992676552519962,False
3.836668102197569,3.2962815811386506,4.237652761210552,False
6.394193609576073,9.195189031839039,4.081699744209281,True
1.8614065530492407,8.021876702358329,4.322793373328887,True
0.2382876098521236,6.786449145213379,0.06214066784789196,False
2.2060494784858156,9.8921184699914,0.8776312598223179,True
6.527416122401336,6.890328651846419,5.2371113330521535,True
6.076535005497361,3.7808698599447563,3.7683360116047684,True
9.469798598128165,9.209452154902225,8.001936101858826,True
2.9467025392498245,5.403811327399196,8.501265827861168,True
4.414650314430065,8.514199520121501,1.4913385117719202,True
8.059293640096577,9.126184945937842,9.962751427004262,True
5.209175829110089,9.493235713792306,3.149830580728381,True
1.2997473133971327,8.101448195789139,8.714857153263008,True
9.85828598450975,6.6586672770372815,2.309221902475435,True
7.846374065516021,5.101837606681685,6.132098429683566,True
9.581105420907031,5.609380342282977,6.655993121481043,True
6.96580488727087,2.4983081149766306,8.174816648413731,True
6.821551250711588,2.7513332019055947,6.889995302355211,True
3.4613180476221084,8.701957644760151,0.7196433484459785,True
7.772820236940909,6.131915118897585,5.830582946079334,True
5.714193650619572,3.4722913148944157,0.32280335598278365,True
3.8967913829974243,4.137480604089778,3.626928547626002,True
2.6594904552051633,0.7025625630949006,8.659144302358246,False
0.6836464112643048,0.8305918933820167,4.341579899657523,False
6.376241860986276,3.1494320369504205,0.8407057080579294,True
9.844487262424035,5.196792133553487,6.074023386686651,True
1.0384853816187045,0.8801732160502274,4.156795008667457,False
6.435347436651076,2.83582219679831,4.827451703312575,True
3.5530588624019064,9.549509200624207,7.797415350905243,True
5.731892017167361,4.263077414838083,8.166378569098606,True
5.418375131981962,3.5992801927494877,3.1776382541136483,True
0.7998323641438532,2.9185246618214657,2.320516108821754,False
0.5130937440715955,4.962545574598013,1.8914786971303665,False
9.757723454063214,0.8167377596624215,8.407936790618358,True
2.5074093504961183,7.704942931335571,2.7210631771433413,True
6.2946254173495415,3.3756849315901203,3.552220996356569,True
9.987190393071607,2.0400472898800337,1.4436648210808345,True
5.880491754620666,0.7356669154450357,1.2544091117332046,False
6.329516449180067,5.325862445400552,4.082163743882371,True
1.1682005965165487,5.153050683762057,0.5470076528658796,False
5.89873693574614,6.224216281886744,0.20024854271031067,True
7.655671059165366,0.804470862265334,5.324201171811205,True
6.292582860371097,7.032436064678263,6.81800097608746,True
5.5310789085708345,1.974426876688108,9.190993841461466,False
3.728914463524223,4.347947555543533,9.50259981958953,True
8.211966083111903,8.170872802650276,5.791369626941566,True
9.969415120925863,6.814508879383608,3.76321948197319,True
8.843063194368774,3.9749437240468444,4.913425828706599,True
0.8193225641974888,2.9119706370543708,3.574764917046429,False
3.496453697336419,1.6763291416751658,8.067220606986146,False
4.740389655514332,5.587234878698332,0.31850482945246505,True
7.620985502724494,9.240391823666915,4.654850809319825,True
9.709674944220962,5.446767433751857,5.750582103858431,True
9.202822837226538,2.8904065748881127,0.016837206331774546,True
1.0750182171359157,1.5393198734523528,0.7654240492790776,False
2.1701446587330144,6.854117990076207,6.026772809783999,True
3.528109094799624,5.735601250985301,3.7514730952838846,True
9.689860047020126,2.5780357785094257,3.6640075965990224,True
6.518612252228194,7.125677188408067,9.678545861865228,True
9.64271511531564,6.920332769597334,5.382896429087488,True
5.432794633533055,2.1577128847594196,9.032957521572515,False
2.105610370051144,7.437642436748456,6.024111138236467,True
2.609802436949481,1.6311698810406927,5.6716151579717575,False
6.555228986851461,2.364911021072217,5.7863828630570335,True
1.0798497116389616,9.135475973855971,4.044340290124603,True
0.5922147774706321,9.090053231185545,9.221696565576002,True
2.55982523078775,1.6831985929798066,5.72003617372891,False
3.370134548241573,3.903856683303253,9.571978595980532,False
1.5562949360890233,4.856332884093399,6.17240946882958,False
5.2837599423182855,4.781073745295101,7.9744345611472776,True
0.5067066083693827,5.385838441703509,9.889824874807218,False
0.6167382498079754,0.9647077008673743,6.414730840275876,False
4.968930769395991,9.64107400886496,5.168073340835086,True
4.868757787758896,8.9213143090437,6.461014095149973,True
4.524752675678004,6.466906530027617,3.633243892950244,True
1.6784281273466606,4.550463088334807,5.297194660460695,False
1.0715909816338476,4.06955013973456,6.547586356625688,False
5.601262897711812,7.256542916512169,0.2966536962148747,True
6.038373386089715,3.804094434792641,2.5678983239532327,True
4.420771548632066,0.5680641975211376,6.334545127438632,False
0.5229093267904861,1.551014543714866,5.585978458549978,False
2.752411222816132,9.067374753440879,8.937045437421794,True
2.088926071654652,4.3106511332272355,9.481750636241287,False
6.7692906463195595,8.57406056699172,6.960616540025281,True
4.548908740483901,1.4902678061088603,1.1437110896488956,False
7.146244303322441,6.870278648727614,0.8446149822583582,True
5.810796913944395,0.22582768400892572,6.549246112970314,False
8.98148869677716,9.432939366888023,5.03077266365363,True
7.786632113009454,4.492646970623526,9.383687928010911,True
6.786632436709442,2.4810702420046846,6.58117723434033,True
2.8561379744861304,0.29634552961041005,1.0076472359486155,False
3.3639511960290216,0.85553412565046,9.832348058079836,False
8.338918886935907,5.841013534394439,5.886573860286322,True
3.9906821136922312,3.8714046915761036,0.42666858691613574,False
0.6272394232698553,2.6912848154705626,1.1430414758593832,False
5.168873373927662,7.220411640987127,9.593237857115605,True
1.0718742626960565,6.857927756846859,5.784795524291314,False
2.2729644489309244,0.7303168005284899,4.08459080837264,False
0.6119597676866861,3.8851483533076534,9.954092031088935,False
8.311443861076894,2.1268879005246912,2.9602951919010154,True
0.4075877580253584,3.8003770550341667,1.7268811632572,False
9.305037823020045,1.6177752489915065,7.8827963369684975,True
6.951720885600895,7.5910567389479064,1.5568195251071848,True
7.812282457763646,8.907444982559431,1.8614676889216675,True
0.9113988523277416,2.4465626685649875,6.451395032612477,False
3.835044952432083,5.586173461599158,3.2513896121929795,True
5.90256079160744,0.22934162738617814,7.220387146387309,False
4.598194792944924,6.444305581487465,9.02447744454641,True
3.9431228911854834,8.635318000141806,6.058634987774556,True
1.014895241333752,5.801199627490217,3.0377506716594596,False
6.2009861764455385,1.225254871469269,2.838208184928226,False
5.479677527925066,4.168399983119863,2.0582529094796707,True
5.974987733641605,2.978294657774112,2.3308419662571014,True
4.193943146793514,1.7303220783616868,9.830835487207054,False
2.846914624098109,0.72672995924141,2.819987363575777,False
0.5569543183061432,4.033511354089628,3.8073640247499743,False
1.5231812946590217,5.334556872108366,0.16309173525396736,False
2.5689236900897794,0.5915615129065843,8.739263601735757,False
7.06170677921775,0.679986936836583,0.4361852300776814,False
6.823028771460283,1.081223235516806,9.539881556884396,False
2.357360099755609,2.7167309375424797,1.1441534156357214,False
2.26308610704522,5.9032677200529795,7.844817516577928,True
0.3887006362450718,8.753477715822372,5.768005971332499,True
5.013906850180435,6.6388525350403675,1.691776061235396,True
4.159044345181208,5.328194856335985,0.3398458091117684,True
4.77397679037507,6.139857213616312,1.42581489894542,True
2.7020433160169466,1.0808255406342226,2.3371883152789694,False
9.9224885624013,4.604788967252001,2.093615964488836,True
7.941723508510919,4.590827037874505,6.229887105603151,True
1.9964095433587292,6.564937403617012,7.6432096743967275,True
7.7990964960230205,8.849454772548896,0.5932039026171809,True
1.0479211183599269,8.094708520771071,0.06526515657741983,True
6.34278077946152,3.7197439953671294,5.764916152046741,True
3.3892427396414204,3.0211931381595667,2.87421937786179,False
0.8220538990558557,9.053214916421283,4.283672092568151,True
1.7405015070394492,8.316908083531544,3.4865115701559746,True
3.5593619645996832,0.7530867313883394,5.179872335622477,False
3.8352367013023922,5.164657786570785,3.7392752835634036,True
1.1143714354073087,0.15940289823613396,2.5905471095424595,False
3.239183372554665,3.990549782783095,6.364223763096143,False
1.1565677006691277,2.640640047690778,5.0103306832991645,False
0.7968787255248166,4.289397340257315,2.170766150371114,False
3.282840796952965,8.51929594162206,4.484313605033034,True
3.5454863685551032,4.087897866955135,5.609476231416419,False
7.234511704165225,5.508447898028709,0.4532121344124218,True
2.2162572274623393,9.976597455182523,7.18882310871437,True
0.37698991373232627,6.105102738383938,4.159109960910838,False
0.767458097222572,8.119202264774607,1.7215045162532883,True
3.0150380903269336,4.266117952463999,5.608643553389756,False
4.273626297114247,4.22337972289262,3.444924909830833,True
4.944550011253774,4.3306551323793565,2.3570642203338474,True
4.129683818115034,9.96976607379066,1.8800132487145227,True
1.8478987160135818,4.887516483639782,8.695348671000549,False
9.906057018330719,2.16121262966254,7.557685562322899,True
8.887111960788685,6.131622612794422,3.96531478078317,True
8.711187551352436,9.193175281387315,7.395879867414679,True
6.112246226708705,1.9527996380824209,0.7162891981070718,True
6.706424565280608,1.5966819755892936,0.08313018366851388,True
3.645397538746009,3.945515690773683,5.86128275030874,False
6.821942614154981,3.1854052535167456,3.1651812913920807,True
7.947503498496934,8.107736036435787,1.8555195368266153,True
4.713483991835146,1.4327488880491157,1.3757138417291837,False
7.146657444872137,8.326471694933142,3.073988361417541,True
5.984576791457576,9.792568957090067,1.7868334883452397,True
4.575466241295958,4.21239226134074,0.9940133839101251,True
7.618670797783544,7.656553092916837,9.002419388577431,True
5.856197263526917,2.761232955944891,0.22351836999114916,True
2.296693449649206,5.871878629606839,0.9554993292556746,True
2.183710578449972,1.5778800307328722,7.342608488267968,False
6.789834228401185,8.12185535130317,4.0153733869797,True
8.058280143207961,5.557304396608411,0.429241855559811,True
0.33579232468859743,2.0809230336238684,5.8502831724660584,False
0.011532336166562018,2.7127314024265314,2.3701361015925637,False
2.802464480124529,9.239596714469773,6.31187337099205,True
3.3449097236753755,0.703003917090369,7.004534265608308,False
9.468862322907071,5.4138224884401325,8.399094171382647,True
0.9002185709482435,3.2715797671407767,0.24594271019419245,False
2.7819081266457,9.207601844981761,4.095429617473545,True
4.358614187161702,4.904941984599187,4.886121978131749,True
7.120229435193663,5.916991248945572,4.027249247953238,True
8.64941063536676,4.913255621118363,0.3711618757092361,True
5.895134145288916,9.573438730723096,5.725947209611908,True
7.336617823259724,3.805592038014897,5.372152967658153,True
9.569905964383507,9.747858686223287,1.8810103159151859,True
7.538442003491943,9.858599650663734,6.003005868701075,True
6.371516744033992,6.148279218704648,0.03457995015176629,True
7.879200280678788,1.630011783964077,6.524935151995813,True
4.352534595759536,4.727097044352671,4.696933668700449,True
7.201159631883373,2.9452699389462933,5.7709367297651415,True
3.8591869664694487,0.20002109016091452,5.352461861786465,False
1.9348991020276973,4.883689191070223,1.7236222287637726,False
0.6502585050550802,7.172496405580242,1.5692421534139733,False
9.902352813781562,1.8883858954531352,2.376053312400744,True
1.588988394673393,7.026123158352934,3.8736021225737005,True
8.883626784099954,0.3297731480142896,8.082424151725853,True
0.3273986609439572,3.045257937912187,2.808246513891622,False
0.8301723629458113,8.088383465853697,0.014683860991944186,True
2.0770268779156953,7.486994638170513,0.3060141897878399,True
2.455881893022658,9.264850837624728,7.904381089911521,True
6.056251840864691,7.626089191901125,9.80081393083635,True
4.463345950909438,2.5130018711676727,1.0899022497040478,False
5.651787117389503,2.397194873004463,1.4121511551424737,True
3.1534418868034675,3.3169778699064087,0.05053556979970231,False
6.173631443469497,0.2138781800814138,7.176391428328786,False
5.768570264248233,0.6546891033400504,3.832528458307701,False
6.212466562561929,4.859194432574552,8.675208866404096,True
2.5807390020452283,6.675040244999834,6.104330211671131,True
8.64727727090995,3.953762075637962,2.1610685426344958,True
8.085660667720143,6.067210543245328,9.03098283475899,True
0.5139584463113178,1.6757768103201653,1.2879230055180124,False
9.099949865787636,9.654415559969735,2.2324259980496652,True
4.672115503580519,2.7764105131742123,2.7370986205592263,False
8.444058731147296,0.8244466318797394,1.454203771978847,True
3.056288200912627,2.6140732116191234,2.6059963746471437,False
9.315306716527852,2.8086349474590255,6.981187300111085,True
7.722449277044028,3.1896451973143423,5.187551059184209,True
5.700774701601108,4.750089746096852,8.842499811363322,True
3.0811736570568247,6.423048264242724,2.5684573825028,True
4.495612903086728,1.826178665271817,0.9838272456260411,False
5.172644355065224,0.49768349314435856,4.74665879157807,False
9.137855657702694,7.179435560480868,2.1872185456032556,True
8.33498177183045,2.206381238707371,0.042088266791077134,True
5.70643198848236,2.5706477954341542,1.0757669230330402,True
2.436335673995603,9.713255988612051,5.545570583560084,True
7.461273860818646,8.395471843994514,7.351668536304694,True
7.25856274115518,5.0138882611754525,7.690870283228552,True
2.4005420462268257,6.5957904399045395,7.951861242941851,True
8.384646666813572,7.343210952201192,2.4387112704652827,True
0.32615902066201685,6.456977889723091,2.7283454464081327,False
8.838008397379557,1.3306004627934498,9.100687356993472,True
3.4709190031967974,0.5153576731317366,4.318696315189553,False
5.412627500833875,9.574436977752791,2.843061259126771,True
9.578431493308493,4.887944781768676,8.636224891501858,True
8.362363697015217,5.356372897453177,7.459660367684082,True
2.0332397623296794,3.3048733778217643,3.5643957334814838,False
4.807612699251518,9.506796161610355,4.270086264173033,True
0.21661252426892652,8.072851559266615,4.873111631537368,True
6.883505020163286,4.432243347200684,3.0395284286718818,True
1.585043214309072,3.52380499350218,5.866082458274493,False
1.053788742534627,3.0665006192254163,5.860610985981606,False
6.203513718454471,4.829629178217677,4.604276673666531,True
2.957185569339613,1.39648041005362,4.944292356349838,False
5.395728792156152,7.457632925705151,3.896946172645397,True
4.7961360897090275,8.399881064258333,4.402646945315415,True
0.7395492121672365,0.06290379477314367,1.2655552981944618,False
2.615013170613306,9.07840693855538,4.21792523894016,True
6.6328351345283405,7.054411659349834,7.410429581962052,True
8.820566317110986,6.737293687985746,3.0070735241479998,True
2.1072377730862812,0.963927332989859,4.6236993070271515,False
8.347983225584398,1.6849510096175746,8.545434614381627,True
1.0337069864473658,2.1494792543014505,7.283766680770624,False
4.003716438308793,7.723517704351494,8.446332577958502,True
0.6493534884590257,8.402094904881636,7.315192252763417,True
4.473448635597672,8.423148263552228,8.338514479604072,True
0.30181515828813454,9.083621979965192,6.241495976736813,True
5.856593697972176,8.375123155796253,1.78822758481337,True
2.2477691299768834,8.222122142963316,3.217801448419614,True
7.783788025862588,4.2340407907585975,2.297020108768736,True
5.394474031746732,2.005206109516485,0.5159067449549004,False
5.559806346620776,2.0801701031657904,5.397611141899668,False
9.19928719938988,5.820731823780773,4.590709917372488,True
4.432602178369977,1.7866113499565695,4.88698702424589,False
1.4155241233706894,2.847271289001977,0.8940745055073807,False
2.600675756157594,8.91731330954084,2.97127896075555,True
4.713543424554975,0.7454667385117653,2.149981619667438,False
2.128203356715266,6.403927523793564,3.306998277366906,False
3.9628870539363237,6.668516046161132,6.044403944426357,True
0.6327269282352677,0.14325133326257955,9.647061810200551,False
5.438709082583943,3.12331008482438,1.6237877274873702,False
5.810923746910872,8.013304423612247,4.0837145754319515,True
5.519370996165679,8.975238990475974,5.777165397211869,False
0.1687790398134148,8.654513177047278,6.598662515600019,False
6.124977975835834,0.012236376669479965,9.434387595860787,False
2.645018285517171,3.737869826421081,8.290962713909089,False
9.172753502893782,5.288787600407664,6.5883081629148545,True
9.277221836502454,6.992645657226564,0.7146326949858839,True
3.764430053969493,9.201718309463454,1.3731275606690607,True
5.0266430109949365,5.6756721881895675,9.488402176969096,True
3.722839889491114,7.483928709768234,9.67007060009304,True
0.7833834107297621,9.056781423563091,1.0658253092951675,True
5.90468030245042,0.4881876925678319,0.5916241214366602,False
3.0698628705582376,1.6132761105037974,6.502573711260072,False
7.022351253443181,1.8507057444923625,7.63359669277127,False
4.608617991744439,0.9833835233831423,0.7627537426520059,False
3.758011113574027,2.7292136870696018,4.83265481193636,False
2.8147969705705345,1.7917660378236833,1.3822445654963422,False
7.578554997379112,3.5099163099469246,9.628217596138954,True
7.388089958704938,5.110579888158217,4.57299121183039,True
5.30448525082048,2.007748345829458,8.352258620174052,False
8.577638881602093,4.636018957734468,3.1902430150501413,True
9.329867784154365,3.2502040773319707,6.7706092567422225,True
9.101051640076243,7.825370780027794,7.95123604350526,False
9.93704022118512,4.841007934850894,5.121743379774866,True
6.085216686944249,1.5260287287737573,0.5586339382161243,False
8.656845071475143,1.75222651257954,7.57434740520006,True
8.809580430642903,0.466958487429181,2.9480360999414645,True
5.426688310458612,3.239000847655621,6.028821949010262,False
0.88211271161999,4.3379335932083505,1.5563498997681247,False
6.106457577982135,0.9333328452616663,6.201114502974637,True
9.830701588709216,3.8800671025533107,2.8970220556762927,True
2.2043336281628956,1.9611797708775769,9.32615875380979,True
3.1965050510979856,0.056532023980589985,5.641588342801606,False
4.577711024673733,3.7606351989045628,6.580131208544625,True
0.8407567553906925,9.794440080978752,1.3796438748575746,True
6.9913377151031195,2.608535405094771,9.432849438812214,True
1.1539842033777126,8.997149654731677,2.983568050153904,True
5.898623372742583,3.621291758936395,1.2544841359619396,True
7.230082156286358,4.768073477852852,6.140030907879468,True
0.7173621702519217,6.371359702984546,9.224883955164472,True
6.8280496591840665,2.7778506472699718,9.49430222284762,False
8.796982517429216,6.639213257460952,0.31844211192389227,True
1.1678022765875273,1.4563281970100017,5.533978762909282,False
2.2688683810202726,5.21532742693268,1.5745979069128246,False
5.760404281588545,5.293754958376692,0.8794240354416349,True
5.052052944350903,7.972663838426072,9.957564384875981,True
0.7063000864204572,2.737478583793307,5.740620791026777,False
8.93885351334039,5.18928495389832,2.7237659253151705,True
6.118896787796949,8.801232919914035,8.211304857098082,True
5.661260756009719,4.516247434128555,9.09275119158666,True
7.78912611527746,0.85611840270158,9.219620241815502,True
9.073191518716703,5.819878624837701,7.888721839852128,True
8.67371731496568,5.333989904468509,9.631801479017122,True
9.975240710246503,8.362905910226617,1.649278306865598,True
8.132531238220183,4.284810294993765,1.106479270819023,True
7.815624483500207,8.355479034587166,0.8084099797442001,True
8.046403528005575,6.724779210936761,6.19724745248843,True
4.285619167116895,3.720790047657494,0.4595914431693704,False
4.899646297570577,9.96023401357968,5.6635971818104025,True
6.565914517424196,9.206018069842099,6.146502791034,True
1.0698522127658228,7.685643402631238,7.396400257324267,False
3.87802955467209,6.057752102379093,5.17792343721605,True
3.2082041698823263,6.4583111277032454,7.053427032605896,True
7.241456272456767,2.4264384473976452,9.553005485596959,False
1.1676635657233558,7.098882162269977,2.827229075734925,False
3.144086136079518,0.29914948575349154,4.556143588347671,False
7.420330854241078,4.96201737521265,7.138845877525019,True
8.803081180822286,7.2720244894197075,5.83436614706351,True
4.057029644151184,7.905652149335772,9.768289957822418,True
1.2373131681064764,3.199939850710268,9.148166086430576,False
7.560203034346101,0.13810913393275448,5.223863956770084,False
2.1788401574843155,0.7528299877909794,3.280302965608144,False
4.530442649828391,6.316471661334013,2.2415122617184293,True
1.834262867312535,6.20828579801726,7.998270660132913,False
8.828194190339394,1.838051799492405,6.113255766303367,True
6.097614813418824,9.888818548312862,0.4806875806028732,True
7.865560278750894,0.5088657379307604,0.724263086815865,False
3.748682532985791,5.641653944402648,2.873899135700717,True
2.6826899446362606,7.478585246473819,6.717402688177337,True
4.734355981131495,1.8856075256494076,1.335173978850187,False
6.192654187485035,3.8578636670600828,9.743244174948886,True
7.019552822778639,6.974701456314893,0.8942017136778369,False
6.89125235168199,9.793111774432226,5.825943593396414,True
2.957387257026143,8.548099493550493,9.624385857874321,True
8.183005376684262,1.89890133450202,8.202286393869459,False
6.987830675286167,6.657915694769545,2.9875168760122026,True
3.360343972202051,9.4715191356905,6.332025126094218,True
0.3563675646050868,5.136305204608505,6.105239281560106,False
0.014321797475470577,3.8094551466462425,6.336978522901081,False
8.878135293787162,2.7964651124819295,5.9196077743038185,True
6.876841978637534,3.3228387645482513,7.929654424667575,True
2.5228233237704267,5.94684698592059,3.432039686424898,False
7.535295563482705,7.668065459914468,8.365383805286331,True
6.104435004034162,4.226524964718505,5.319997027145581,True
5.916637207462296,5.070811684987552,9.317823120399037,True
7.571480497409993,9.627559855187048,6.061687470174595,True
6.642758821613372,7.871091498818061,0.593776597718576,True
6.974343966505101,1.1829359633587744,1.7993776068611833,False
3.7511571472038083,7.332408433092206,7.664045796271383,True
6.275915885224692,2.3564066690640537,3.746598958124462,False
9.54240171129186,6.903454214920016,6.259411071716726,False
7.1041322134641565,3.8144426402805784,2.426731366883206,True
9.137359614383866,7.5244411643729965,7.4453577468393135,True
4.812318306100513,5.059848363205117,4.028492191289418,True
6.905672030919372,9.23693337867252,9.233211042871242,True
4.386521961214166,9.31990909303565,7.226095821165849,True
0.005961509726883918,6.286358744148068,9.060698083669275,True
5.567165486271914,7.324696274475835,7.331486472561332,True
6.447388619950301,6.659038830425493,4.499071786902963,True
4.306210980381304,9.402663212696972,7.953867472403178,True
2.5250069360415717,9.90233486627632,6.23862397328149,True
1.5866784257069155,7.247402167841339,7.634025782322773,False
6.945216863667198,4.3149063027780965,2.7892863310837335,True
4.963997184821797,7.457342039062349,0.9758661428646387,True
8.828421051176312,8.390879085516548,4.101483979866341,True
3.1933332537814496,4.218309437733726,4.43942271510863,True
5.982514197078271,7.767836056896364,8.004899948119768,True
0.5994761101136725,6.866668915036657,1.792609098282778,False
2.535668861816389,3.836661078454867,4.949740268750294,False
8.635240010591538,9.556018634023681,2.525226846161206,True
0.3725300103970275,0.14909623586139453,5.123173698903817,False
3.5506333230295493,3.463806385058954,3.832811180988984,False
7.104830033189016,7.477995295239816,6.609319696829649,True
4.219038726545157,4.965804913248231,4.808335629317914,False
8.387364452995149,6.679270009178055,4.832002804089333,False
5.000396859785718,1.6827850415443302,3.0186125759029214,False
6.342503772279249,6.62209912026468,8.08021507895845,True
5.267361928320124,0.9685635210409538,1.7798413566197813,False
8.310828226105611,2.7834700868601105,2.6014505351428974,True
1.6563692918160933,4.769089363285358,6.67690891097388,False
7.072758218301415,1.5146968599581445,7.583492100678417,False
9.462440998199009,3.9808042311324177,4.055275795384751,False
3.8738714154978595,5.377711807444525,1.031682060972554,True
5.223665720749871,9.1111119729932,7.684116953597483,True
6.0859968443963535,8.174812058326552,4.1593020535737555,True
3.652750583528083,1.3756827588722231,0.3856345603432698,False
3.903701302842574,2.211517358476277,8.309600742966335,False
5.6881844923629306,3.6973843032987053,0.260758653973705,True
2.0090163901716283,2.330673253041826,2.132984142366986,True
6.225552596427962,2.7740330253899037,5.930189535611109,False
9.999943292635427,6.479460750096915,1.3432221825955448,True
2.0982751648959352,8.2821185405208,2.1753146832814965,True
5.427561340168624,1.269782072924872,7.977910653695611,False
2.1722373867811298,9.601176480961303,6.099131323396927,True
8.507022314159393,8.222370454178302,2.3324238566935005,True
6.986812144068947,4.588470381273503,8.106414076951081,True
2.2165724981099046,6.423078505614509,1.7365625390655715,False
0.5245812140814976,2.8326484614162126,8.542763881530796,False
9.928610162038002,8.632517195742624,6.384499576212578,True
4.483069840541393,1.95423141537022,9.507757371564457,False
4.102403334817609,4.319905855110555,8.301730585154466,False
5.537621024171236,8.23948016540879,0.633528678929729,True
2.5607496194703394,1.2416369343983757,1.8173376360598203,False
8.604371217529845,4.091453011870277,6.502182334336755,True
4.436266100638008,4.719215312577278,2.7770083341728347,True
8.015418156391673,9.385138312619786,5.892540735763356,True
0.757643102687402,1.8584638640984896,4.498351495108586,False
7.342020590082921,7.4925966676688756,2.7980469168923383,True
8.351735823137878,8.097928376658981,7.414235184428644,True
8.593556918782193,9.60441299802501,0.9639675004259862,True
4.985269279305654,3.705654088346022,0.22889101125432854,False
8.630644409674748,6.1920702799948755,7.618160924006814,True
2.5825959675803856,3.1464109019056306,9.659925723481292,False
4.723953152514185,6.673980904346491,0.9263344828114961,True
0.6583452552589764,8.994669319549548,5.958341934840156,True
0.9270685306324911,4.467488709345252,6.074488068446069,False
8.830091074431936,6.392536029569271,1.603730768122812,False
6.669264060943268,0.928010611788388,9.797163116508907,False
6.838552989961185,3.4835285829349005,7.630865073093331,False
0.43179450575568157,0.2546126098983037,3.0571812014485387,False
8.299065175814114,5.826628309036429,0.01043303473458268,True
0.21485126610136906,8.880327488919752,3.0009857977262766,True
6.720963941752438,6.855693356552356,8.711950710509331,True
3.777441815778463,9.595319606403562,4.277136447281356,True
2.1665859572536594,7.139978887830822,9.660084371704823,True
8.398915982748957,2.8604610903590624,0.9090956565728137,True
1.4146978788261488,3.3892652710283198,5.258026679065751,False
5.465096159035216,4.505839665073111,1.172075585725575,True
5.140512323749789,9.652942837123202,6.799266514617054,True
9.1383897027916,0.11861492164326526,3.2518376972910645,True
3.2408310491684453,1.6142630415979442,3.674954937269077,False
2.9639397591900876,7.144385384496822,0.6689166775097632,True
5.010829405892667,0.013774250730672621,6.653539722205278,False
8.081757071655796,1.3491176777335356,2.210832955910967,True
3.398973925942017,3.0972927691086993,3.5669834523752355,False
5.190572728765929,3.603650341746981,8.72464463319884,False
0.01875776155265796,6.313049901461884,6.722572210049168,False
6.778296787319462,0.16597677889508278,4.762485426167599,False
2.7654011532240697,2.1274648702767807,3.3356395454029597,False
3.7235004564431637,8.341134942549509,9.21594612903224,True
8.576382458999989,8.761801190590335,3.4265250717943916,True
6.868695166136938,4.122231122575142,9.778736339589983,True
7.759610374706617,3.0662545859025894,6.709386550772434,True
7.739346451010036,3.3517036585466453,0.9536884921013722,True
1.7466311208775975,6.648835217240952,1.4896707830846323,False
5.058997541669893,8.409818753379385,8.153670039803863,True
2.2535740711781207,0.6398395546546287,7.597512185212639,False
3.3351199995919565,0.058598466979670194,7.644346957068878,False
2.9071183045104187,7.886209362439893,1.4618442160684175,True
6.8637896626335415,2.3927996808394414,2.2894627957684213,False
6.585132411052621,0.11523497202592603,9.737545710573304,False
6.125465023826477,8.45760996956392,2.2551604352089374,True
1.7597480761146977,7.625542488194499,5.31869718175864,True
5.059815759453054,9.138909684676635,1.2802553271072137,True
2.6717323954772665,4.620908581384161,3.908508446143295,False
6.607960564723081,4.4252057863757255,5.711366738276253,False
7.077068900734776,6.7688598379013785,5.978287431740443,True
3.9355786367600922,7.216004612423267,0.3684754948553104,True
0.6348117738678627,1.339775412982005,3.584044631353459,False
0.508258319790198,3.449881870518613,7.997264969465842,False
5.7350464433502015,6.29730041585962,6.387818738993142,True
1.389209373867526,1.1496810305045169,7.826305202279275,False
7.078303371576301,4.942850089765386,4.928444740998831,True
1.0879677617632966,6.905088618904061,8.947447874213378,False
0.055969020980338735,5.9960583023786835,5.528091697202955,False
9.678288934224561,6.8281327592094545,1.666826707715905,True
1.0325155673032083,4.49312898794004,9.98237734702939,False
6.706722622419897,2.7480847895694027,9.294317491847483,True
9.261437482684853,2.694186712778585,1.3861341462266397,True
0.8278089713627834,5.262563717389913,7.437216692899172,True
3.6630450061288746,2.85245926370453,6.157017804382447,False
8.842862277257451,3.423995411978189,7.677968691296889,True
8.23915422575046,3.099093065910905,9.120444299207174,True
2.6023527821342665,6.9920908760202005,2.5779374079074957,True
8.193657669966418,1.4313658215440928,4.037573384721425,True
6.897894561861111,8.175071861975757,4.861970740939389,True
2.1200430445279848,5.13503736846972,3.3520833696514662,False
3.308062858320512,2.6033740434115016,0.7685773586513678,False
5.050644591260908,1.5034467881651936,8.019953832376887,False
5.327434074637632,5.6875434074924325,6.177618570154586,True
8.664138096425233,3.1195112954524395,6.9339341738013704,True
6.380133731072567,0.8356436922819532,5.183968684483085,True
8.538601649610797,1.5105331616272366,0.9862985858698303,True
7.01848565102669,7.040751594705453,1.437318173703248,True
3.765002018140663,0.06565169572945728,2.3660102760842197,True
9.03856322140072,5.620026899207979,3.942202357372586,True
1.7988859378999933,8.283366601150428,0.9201308218873161,True
5.769817800590388,1.3528802411748042,8.368992798009588,True
2.6065890656719093,2.533212900886003,4.333557112831815,False
6.085136291250928,9.903209444872962,9.401453586564386,True
0.395888423384263,5.38551172328252,6.401000438257909,False
6.810926762733718,2.5463722405716505,4.135087046353876,True
6.59609278745429,3.5082797431475274,6.838390643933457,True
3.600620993155017,0.8401044831987536,5.129762187754815,False
3.0212032439293113,9.88274104467444,7.677137807837532,True
3.6720649730111434,5.635817577454266,6.400966710896662,True
4.744709031650224,0.7367741963850571,9.202338679292474,False
2.633195877213316,0.4021601221024007,6.530569624777808,False
3.1917474432013657,2.4054743786297204,4.954549010261051,True
1.7335018191230545,9.06829602723106,4.063394681512823,True
2.9580609177045156,7.26863449557261,4.005056988050926,True
7.03518799096821,5.991006811827639,8.891991491250991,True
2.5156918634621017,0.8541507911520607,3.9484394872284967,False
0.9195745594638616,3.5235082856330733,1.7422595836339927,False
4.77782237474281,8.349290999614228,6.55890071286808,True
3.399238879238673,0.034238132269990285,1.0882521737326567,False
1.5482530027877806,4.297270817637036,9.365513526203213,False
2.609514599569266,5.0559717041475505,4.784818911959689,False
0.927191827609829,6.841837196258535,0.8360721009743621,False
6.254240247956703,5.540091939721414,3.019262009738238,True
1.4191710645280708,5.873344793133903,2.3181934653573846,False
7.5289582893240015,4.544753324689525,4.48735409299031,True
5.096082612313965,3.9216992903274117,1.111969769410881,True
3.287475534191616,3.2831310032401975,2.5858531490754357,False
1.8119472896404276,9.788077159139183,0.5218981828647862,True
4.036231777572229,7.5816442053900595,5.820728820973632,True
8.886325532519919,1.422703631658443,4.154061383962998,True
2.336682023557508,4.157924274777361,5.7596544309663456,False
9.08529531245353,4.997932894363753,3.543863951403934,True
8.414206693518349,8.763146224154735,1.6013264671755534,True
1.874362454061399,6.282876329298164,3.149770589662956,False
1.3959120814697024,2.967882847128218,1.1142913687170874,False
5.09140238017654,2.781728712496079,5.612468306169227,False
8.344389626983727,5.752272376531557,3.948373633374679,True
6.809699541000316,4.489393169765776,9.213299922256333,True
4.561435611263278,2.669670874810317,3.080735566070969,False
4.511609947759757,1.5082848738433496,9.581653866089063,False
2.747252319713047,7.432594631614009,0.7039145002771185,True
6.512059811680155,5.963079995889435,5.988072042991113,True
1.4207497468132146,3.5213289546162576,9.34619032355548,False
5.546039922536065,2.966697352401514,4.171979519516899,False
7.868033433510254,0.06115650791995386,1.0037553870333105,False
7.1283831101873085,0.9904682916231333,5.168437161558625,False
3.2021630027424597,5.265810149347827,1.126436562686739,False
4.14989630455271,8.114950618199376,2.6980866711429954,True
7.361624455692137,5.245661875769159,9.976224898092637,True
5.807312544043814,2.949917507126074,6.449729474377746,False
7.476477866476742,9.908800650582915,9.554440709146434,True
9.114578575767448,3.43674704306013,6.2177908274664695,True
6.269364834342791,5.747458136264164,4.680876540502693,True
6.322028100370866,9.416839979542802,4.013487100594984,True
9.947326960784832,3.156081489356337,4.357958190965152,True
5.334037029254059,0.6789312184818896,3.866488874044175,False
5.763168551858323,9.19295078516403,2.243373367996162,True
1.1438185375007537,5.1440346367968175,9.245913696959583,False
2.994818433566434,5.083102187047425,6.858783860586984,False
5.224626380337468,1.4194578945388547,8.290998100596617,False
7.825368006183222,7.492906154443658,2.477013542446822,True
6.2916453803584105,6.486337635199551,9.415885214177864,True
9.054395344045297,3.6072872010185297,9.780709477100203,True
5.40016913367574,8.729789341195746,3.0402681166674386,True
0.9160299701115238,0.1521036910719753,1.9130837448215743,False
3.8423669656104775,8.513911441318495,6.274636534088699,True
1.9712872118405844,7.3476525246217825,9.806831487160533,True
3.727854390044276,7.309971582836786,6.978013108949903,True
4.045875953082401,7.703793191601318,8.900650312704158,True
6.348308279047469,4.298902578377028,3.5992027405428253,True
4.886628913282445,8.449863130961678,7.103958173549914,True
5.458218619574647,1.744838149960466,2.446572978477206,False
6.403553291335918,5.8712610352123455,3.6854768762806844,True
4.8832439367183245,7.037529318925698,8.576424363908384,True
5.845481911421948,0.7687504030214909,4.305143548633222,False
8.477973050895391,1.0412437000824348,3.839281723539252,True
6.938650074538164,0.6346819754108424,6.535483906716165,False
2.8099125035689854,2.5567898134887757,4.304882355089069,False
6.639247577000681,0.4816466075128589,3.05542718168235,False
7.559515171320472,9.618742657359867,6.063739695857482,True
2.776595976022216,4.469302985550183,4.0036488051188055,False
0.9364282434209859,3.5750374489075742,0.37483429571628757,False
5.3922107310894765,0.546281244838952,5.446903442655918,False
7.847884528587677,3.3765799661635665,6.042474091968186,True
7.522299543224968,7.4893344806909035,5.225969007994216,True
1.6733025304890514,6.365010437177037,9.58786011533253,False
6.243976005432115,5.790989139712051,9.977340391413822,True
1.1014071692940353,4.83614679801565,3.073851056349337,False
0.7627129305924774,2.450862594888572,6.507526542469725,False
8.072501938278887,2.790483668778699,2.57938425897232,True
9.419707067807632,8.751133356401299,1.0228272792980164,True
4.996799528414941,7.339255056676733,6.741750583463405,True
7.215320381905829,2.560399376796083,4.170518973310071,True
2.382814886794936,2.1359379860959713,2.042460755594364,False
5.351226436898272,9.931064923527439,9.112879525284937,True
3.4781357701611326,5.545473739319856,6.483420020520914,True
9.15410373175331,2.629304474220482,4.504335890020035,True
2.5653125472926295,9.321745621555324,8.651994158592299,True
6.3470754295221585,0.9830964421915256,1.1712330317614816,False
8.631988244885108,3.000452455769569,4.713040825704575,True
6.26864768430587,1.4204194471697917,7.0702290601648645,False
2.697910850160017,4.356363138909673,4.868747011656279,False
7.447545100165328,4.259532792285671,4.947510557844867,True
5.70401642874621,5.7435574898605655,1.5552576872411916,True
8.346292861587703,2.806511110998172,0.9335244390224573,True
6.361486582100562,4.177705260948452,5.137024835748218,True
3.9744067023450924,2.0619761768623066,8.404303607733782,False
5.447683003007217,9.327113267135157,9.475343578448006,False
2.349939221990768,5.113988183070975,8.547277932797744,False
9.235320687147158,3.9985083754572726,1.4891513709041282,True
8.583370455737871,7.284399377650313,6.861507311252951,True
7.178537789145974,8.225147299494989,3.3840091431205535,True
3.7600130111990895,0.6633632621401653,2.397943914707122,False
2.673402759531002,6.881865307665472,6.711398312123885,True
3.578824950313514,0.07386925018674884,1.8153338009395237,False
2.579192761982523,5.961094680525471,9.383972520647688,False
5.92273077128436,5.591891340617612,8.536409993710032,True
4.508006382064815,6.781715593166181,7.8814210241427585,True
6.621108607992281,7.935370129472751,6.6065650727497935,True
8.15617434865422,0.6655612193470395,5.401500042785962,False
8.808768079096032,6.25363088693034,6.635035987915423,True
4.690811040535957,4.117337999201007,3.208080796244712,False
6.582168035072572,9.171163904877726,6.910666855961633,True
6.188616472201276,0.3497364485382237,7.14492086476112,False
8.947447498868934,3.361358604531599,9.479232490973434,True
3.428898362013475,3.8753861217257923,9.425518581101684,False
9.213033956311683,9.662610010155676,2.951083121498248,True
4.151864371360573,7.383123991267477,9.213790346520533,True
6.326001325505595,8.702895204594421,2.416160911295399,False
1.031288585260386,9.775783166892886,5.816342758812674,True
9.276065770351599,6.972465392368949,3.2939512934085124,True
9.928279917330416,0.7742923128902912,7.409838034171154,True
5.699400027996463,7.156105425068313,8.291410296734323,True
8.940004790287865,7.599801975350551,3.709400735152115,True
4.033867921235158,9.893600182250555,0.9042633994280891,True
7.423730607111059,2.857038698704304,2.756816626652605,True
1.6621346079574761,4.035741179108408,2.6651190094656165,False
3.253742304104774,8.459963396060008,5.366902033702511,True
1.7584832344217205,8.23491898479181,1.3056505606980995,True
5.084895157988311,1.0138846500619092,0.1915978535807883,False
3.769455737222298,1.5986343064532194,6.714611184419995,False
3.1254800718762468,1.4141674911363655,8.847464505847713,False
7.489308631451033,7.304725186890412,6.899959003667196,True
2.636885175891238,2.6713408244074364,9.22769867095213,False
5.688248620386598,6.31248020574235,5.78288845779716,True
8.86233585538437,4.5583143193124815,5.150609887925971,True
2.647354840064203,2.2502781935381586,6.459730104304887,False
0.2280410526307075,6.149313369505815,5.131560884352014,False
9.68993248781478,8.494537321256383,4.608539699511967,True
6.315486061718538,5.998691632588469,9.579446177871597,True
2.7167290638602215,5.308260365659331,3.8347426357912373,False
6.307864586596496,6.389393076919693,7.214641872107564,True
1.5616820442126222,5.482261057808566,6.972432024552035,False
2.2264723635078507,0.08731528192187032,6.404233029961512,False
4.056327583530182,9.878008445605872,2.1253107962497664,True
2.6153105413481237,1.2187662692849477,4.887037678931695,False
6.368710148779552,5.547800830490503,2.589966464666771,False
6.027811454763812,4.619572409001944,0.8518035456384088,True
8.966713592626437,2.159357047565816,9.22901541820506,True
2.5466556192410863,3.4760129098572157,8.726067647023774,False
5.664302995983207,8.528155419475791,3.45047638448551,True
0.45909256285068145,1.3130946447432224,5.285199927848079,False
4.168002800801798,1.7820316803646064,1.7816231469093313,True
9.558831500503551,4.193863946343564,1.3380877477014763,True
6.080301896219773,9.483964348940697,6.924706129684609,True
0.13874456516773992,2.3380663353080466,5.949471502368883,True
6.401257311347769,8.592576270138624,5.440646757295178,True
9.709009472338895,7.91450785901216,7.595833058928809,True
8.48608204292367,0.8781847840902068,2.1420821087367403,True
2.968262798369109,3.0755805756065433,5.373172129067051,False
2.1065750008456554,8.942409114812756,8.609136920458026,True
1.8432837804274005,6.188928476128578,9.518471406114289,False
9.119458866986918,6.806227424610249,2.7289064788582884,True
0.6834926061762092,6.500889356909541,0.4258107436005265,False
4.319802079914697,2.1761148250097264,6.144992346382109,False
7.387392231613337,3.883149268531958,2.457591517696369,True
0.211021026399979,6.540103070556469,7.958165972361232,False
6.1179992181059175,5.8206559934451665,3.859273320216623,True
9.618031613180726,5.743880851045374,6.08579509651284,True
1.1476446411042196,7.582142732080035,2.6028491257535933,False
3.8501787619937344,3.2699608810305736,3.806998945600312,False
3.0583832326287883,7.86125383660787,3.997065660175444,False
2.536921012278527,4.6951749071423885,0.26695602519653305,False
4.138343935474294,0.5577400600896409,7.06410393219318,False
9.052288653060547,0.8154984870771198,6.287643571795285,True
0.7785168997602121,8.381904351591501,7.537256985798311,True
9.134226614672379,2.6774718625300498,7.362053270782633,True
4.675224072534542,0.7646766588112741,6.056985326989724,False
9.0195526141096,0.3192838777642193,2.6553579093781643,True
6.711619842148591,8.051270035407521,6.412702917328964,True
6.973534878039345,3.8047058471015847,9.818119940875867,True
9.63317410565627,2.385826915248633,7.427789275907289,True
5.858384132238336,4.335147600504459,5.540687701730099,True
3.4412858130601442,5.742856024994937,6.846962627523553,True
5.979582668672614,7.305852420247277,0.8274652743104949,True
8.538688871198872,8.884513019953546,3.802562982557757,True
2.034700409881162,6.291050036587922,7.462099884391913,False
9.574407434985272,7.383260501441265,1.6982829622437845,True
2.348812743445837,5.151925793991898,5.256209376539349,False
4.604133715208039,1.4305319655319892,7.861316273406285,False
2.328311132823954,2.4104737478627527,1.0936538996694667,False
5.5088631070412495,8.15598547563981,5.52914007972131,False
6.415439390078655,2.4084693319065797,8.053442861505458,False
5.298929540228135,3.8666556467621236,8.688446261979983,True
1.3367361101689446,0.8252394053551959,0.4530857168860525,False
4.856502515378832,8.740006212995926,0.8391051943652905,False
4.181806323039381,8.888543378823421,1.5326897304082854,True
7.36185152326046,4.207341097650049,8.467686766004794,True
8.430739294189049,4.171555997521885,6.8215211767154935,True
4.44656006677163,6.7870222880049855,4.078941886377622,True
0.2087577352894976,2.2883441799581306,3.3907586080432917,True
3.426231027287253,2.3359525619773667,6.389343899105685,False
9.077997986258332,7.241227953949956,7.600222689607197,True
3.488239861941115,0.6568998931923031,2.875975052423956,False
4.423893279260705,8.625292151761132,0.18484257170605756,True
6.060301513319119,1.9820584017469978,8.516370227275985,False
5.4932221315306204,5.595535941156422,7.788556678267496,True
6.779396349880442,9.573370150162027,0.2217330762592573,True
8.58482350126657,7.068997381041267,3.841963101133733,True
9.866353591430299,9.182184118895645,6.035977998303199,True
1.7848210818589105,9.007464241984046,9.875877673296,True
4.772966968839901,8.663304810816525,0.5119387171022971,True
3.876415771624001,6.289516012113729,6.736927862856198,False
1.103762883770112,0.6357139576984239,6.315848309208852,False
3.886959304998535,5.079014906827104,2.997284683995262,False
9.523122402722068,3.5518879196501842,5.311858965547838,False
4.4494692010118815,5.182492411424953,7.623808917445575,True
3.274030792989595,4.324696882781069,5.837491046798329,False
1.6912260835116455,8.02216396640062,9.573340412709548,True
6.278932605458386,7.955643707559947,9.478194543749378,True
5.631508173215801,2.9078429891340707,5.368855967733027,False
3.416185194213596,2.1954539601773746,9.694790933134716,False
9.867016974483626,1.175564954765268,4.005981493231081,True
5.763387100321852,4.594461020680123,9.563762526447224,True
4.541854988121545,8.109563765260821,9.972823968236964,True
2.034667917039117,5.125674807456613,5.12441418400017,False
1.078399611250308,1.5941643048534948,7.9573184285300265,False
6.045830232361922,3.482304825595557,4.582167348497696,True
9.75929883325411,0.5917443810365819,9.425621787967383,True
2.512088986818889,2.620038908328187,2.507620795459149,True
4.5807566311990495,2.601137077876401,0.2792177040461785,False
1.6613156000596407,4.8867844568835235,6.200694426731321,False
6.587642398824545,2.3120676316730657,6.192733711192857,False
5.759920567771851,4.592045568465325,1.434750730222809,True
5.320885475260033,5.580479014352482,3.2664339690388298,True
6.852245348282834,0.500134278501192,3.4011137473971353,True
9.757806231579647,6.2803720576077815,8.138478277127444,True
3.6295586654565284,0.5768002839727371,5.01531639534093,False
1.1111416570024724,8.65671429456952,4.127936030747775,True
8.526418128403147,6.808616920766735,7.00660231986665,False
