x,y,class,cluster,KL
3.020577435806188,1.2150777717996286,1,1,-1.0
0.08469146470341271,-0.26671688976404806,1,1,-1.0
0.7991624682071405,-2.2362733277490463,1,1,-1.0
2.0929274634845587,-1.8078913738510192,1,1,-1.0
-1.1566621854100698,-0.9414905535670113,0,1,-1.0
-0.874978819664251,-0.7410716022739963,1,1,-1.0
-0.7006344029118793,-0.9693954248248061,0,1,-1.0
0.9442244109697787,-0.5143109784087202,0,1,-1.0
2.441273558989473,-1.3773506759582022,1,1,-1.0
0.11839239579172445,-0.19556362782762904,1,1,-1.0
1.454527954588949,-1.3827764109392262,1,1,-1.0
-0.4227576254107379,-1.5080535445464336,1,1,-1.0
0.06305360440026021,-0.7474720094627585,0,1,-1.0
0.2869884335941027,-0.1398412560549414,0,1,-1.0
1.754971577702287,0.04318493993543737,1,1,-1.0
0.2505312223372068,-0.22238611023074462,0,1,-1.0
1.8471044351090522,-0.041306879610436,1,1,-1.0
-0.7437049308247592,-0.6924476395664694,0,1,-1.0
0.2101351506009675,-0.38622317080398355,0,1,-1.0
0.08411031954671055,-1.369854782652573,1,1,-1.0
-0.4075534751144524,-0.044836297757549104,0,1,-1.0
1.0621490947820782,-0.8919021252260385,0,1,-1.0
0.5657202330033504,-1.372900407278777,1,1,-1.0
1.5146866160551768,-1.723009088572488,1,1,-1.0
0.13094042097590197,-1.624757529604814,1,1,-1.0
1.3298861292890118,-0.41260988007059485,1,1,-1.0
0.9025920892113792,-2.193751639013115,1,1,-1.0
-0.6912104144828387,0.10440197218349391,0,1,-1.0
0.1833567273843424,-0.679549763173247,1,1,-1.0
-0.49990522415141725,0.4422617514069836,0,1,-1.0
0.19059323895895955,0.06363215322543485,0,1,-1.0
1.5506101634776015,-2.643259451073545,1,1,-1.0
1.0392686911381603,-0.8725077370014993,1,1,-1.0
2.123248324336901,-1.6119823893117629,1,1,-1.0
1.2899084110785024,-0.8612594494672761,1,1,-1.0
1.0732860749280497,0.8934262665187851,1,1,-1.0
-0.12356205622212202,-1.2570004555382277,1,1,-1.0
-0.28054266071270817,0.05092145780273747,0,1,-1.0
1.0137382859974877,-0.522892533888652,0,1,-1.0
0.8077247820629243,-1.1025594785127892,1,1,-1.0
1.331924937704206,-0.5724013497048506,1,1,-1.0
0.4964329413825269,0.17420389200250178,0,1,-1.0
1.3432365874559924,-0.46941378989646104,0,1,-1.0
0.8369860481420165,-0.6693260585072958,1,1,-1.0
0.2179687487038016,1.7748909189203592,0,1,-1.0
0.619078352754949,-0.577990370803996,1,1,-1.0
0.25427211702775543,-0.5378579312109173,0,1,-1.0
-0.39338433565782616,-1.53786738624223,1,1,-1.0
0.14419769268508348,-0.33393111271927034,0,1,-1.0
-0.9512237418879471,-0.9815798908912797,0,1,-1.0
-1.3854971042458162,0.520466700837393,0,1,-1.0
0.372963595877675,-0.539579501430042,1,1,-1.0
2.193251183461503,-1.1520623276507675,1,1,-1.0
0.4436470802319072,-0.07131007740386507,0,1,-1.0
-0.7995257280813928,0.2629950485642184,0,1,-1.0
0.9624027883767893,-1.3989250952679546,1,1,-1.0
0.4067701811168307,-1.284268733096321,1,1,-1.0
-0.044211439283275804,0.14061160465798145,0,1,-1.0
1.3850706081000936,0.6904915958616844,1,1,-1.0
-0.6812781587115623,-0.08521734867072743,0,1,-1.0
0.18215499024614265,-0.14323828681673728,0,1,-1.0
-0.7990957228183946,-0.3462783919053722,0,1,-1.0
2.07692968671953,1.10154372448888,1,1,-1.0
-0.8221866289579856,0.43190865135168804,0,1,-1.0
-1.3504285107708531,0.10863037845320356,0,1,-1.0
0.5531426736386399,-0.4543907865934371,1,1,-1.0
-0.9792009497135659,-0.05755542389053036,0,1,-1.0
1.7205952294303524,-0.30086306606768576,0,1,-1.0
-0.4573139104236268,-2.019184716880876,1,1,-1.0
-1.0517854363106531,-1.2423815978008654,1,1,-1.0
-0.33638940613380774,1.0656711642093513,0,1,-1.0
0.5834282999151086,-0.4386632460864661,1,1,-1.0
-0.7114559619974414,0.31777232007666734,1,1,-1.0
1.846695185276863,0.16489440440530267,0,1,-1.0
2.3028934525499403,-0.5377142342312982,0,1,-1.0
-0.19651813094047677,-0.7674938206466695,0,1,-1.0
2.5561980293068753,-0.5991664223622787,1,1,-1.0
1.0688807167089482,-1.4659235922803246,1,1,-1.0
-0.25871859136638503,0.4220991483582999,0,1,-1.0
0.7692466335394409,0.6086431260896425,0,1,-1.0
1.5919635740433962,-0.5556456205142329,1,1,-1.0
0.5810553220297057,-1.5237164232916385,1,1,-1.0
-0.8540142598621112,-0.5662703465114006,0,1,-1.0
-1.3084846796447944,0.8102434864675102,0,1,-1.0
-0.07549362964682049,0.44755681535176783,0,1,-1.0
0.5098022305519578,0.5022111539982913,0,1,-1.0
-0.1757270751376261,-1.239306441745296,1,1,-1.0
0.9067396939066437,-0.5958047740826797,1,1,-1.0
-0.8383905047466687,-0.020715599941951726,0,1,-1.0
0.26491379471186943,-0.06904093505359533,0,1,-1.0
0.46705682455254527,-0.943258629849689,1,1,-1.0
2.4392877529101504,-1.0250973553388605,1,1,-1.0
-1.3702220444792528,-0.96878942980306,0,1,-1.0
0.3308751402325045,0.9146863831586766,0,1,-1.0
2.21499878684235,-0.6435019309538765,1,1,-1.0
0.9538485359546621,-0.6490188098414309,0,1,-1.0
-0.7653502352244275,0.5027094367639129,0,1,-1.0
-0.08521530226864864,0.6852735983759116,0,1,-1.0
1.014979501705376,-1.0950551097200945,1,1,-1.0
0.131823215558367,1.4372983842581057,0,1,-1.0
0.12108359147332814,-2.5571269087476143,1,1,0.6942677052632025
1.3084922730476811,-0.03843306532019734,0,1,-0.2998949235403767
0.4620993199410435,-1.224337889693862,1,1,-0.6097643154170789
1.4449945136377977,-1.5969897554222392,1,1,-0.02950968406605181
1.1167571613857716,-1.0726185567793345,1,1,-0.5702922363335343
-0.3975844384241732,0.9306261504762259,0,1,0.11618040364606763
0.6579515348242024,-0.0323950361169772,0,1,-0.6723710863685399
-0.24849942125996222,0.00241484208361,0,1,-0.6315019293723454
0.10933553844529831,-1.9134579068635675,1,1,0.08001384882838991
0.09346848661535653,0.03143468275896337,0,1,-0.7784289955352874
0.5573831868509267,-1.552903582405301,1,1,-0.35996416308131796
1.038309518885879,-1.626391243027276,1,1,-0.1541836298160666
-0.09021506996348207,0.8661652904223192,0,1,0.016235959775274367
0.0027530833345469265,-0.1348775455821894,0,1,-0.8052867148238465
1.7515445414860595,-1.346884738126033,1,1,0.08999895672368297
-0.2058313616021236,0.4107099972800059,0,1,-0.4451017211206114
0.22621445190133646,-0.7489589136950474,0,1,-0.8279984594356637
0.41982027645931025,0.20380424409986334,0,1,-0.604410230396109
-0.6101239735234614,0.8291320461280389,0,1,0.135705861036028
-0.5450185993028327,-0.29762602717935155,0,1,-0.4324435422202546
0.2424633870092544,-0.8993921699844435,1,1,-0.7096284820137777
0.4646868114676368,-1.3262311726866665,1,1,-0.5318793673049926
0.3686708148957548,-1.159459841985924,1,1,-0.6379818176051675
-0.3646044432645694,-0.6753396666272949,0,1,-0.5324456126946959
-0.4861185623930653,-1.6387215989156285,0,1,0.0611541877187074
-1.3517300758864148,-1.628158848878378,0,1,0.6483728961104678
-0.03331731918754878,-1.783802317228869,0,1,-0.06035865009860597
-0.29967889594980013,-0.1255767316697853,0,1,-0.717846086820189
0.8636270088534688,0.32258722481450885,0,1,-0.31573433684358587
1.0303024083005063,-0.3268076355742874,0,1,-0.6224336089226732
1.987764036004945,-2.3373253330235597,1,1,0.7932633934740396
0.20647594671709968,-1.8735919815433868,1,1,-0.12385823719462064
-1.4230095488726031,-0.5098333637493269,0,1,0.23632643639537054
0.231071009807099,0.5832066018183056,0,1,-0.37353480327255273
-0.3225153922101294,-0.44513953030930575,0,1,-0.7567957344419041
1.231509513117981,-1.619623399213245,1,1,-0.2108515651602927
2.1738076230026,-0.8724381191759062,1,1,0.17928417648263917
2.576172691308659,-1.5551970886990325,1,1,0.649198538471305
-0.0766200048567847,0.7619212788319631,0,1,-0.3192904830719625
1.738590584763317,-0.9058613286721546,1,1,-0.22385318241707441
-0.9188981128933154,0.1535019064816906,0,1,-0.2701780424922502
0.1767915270002559,-0.7794315748107116,1,1,-0.9921439174919433
2.0696189290020532,-2.686883796841987,1,1,0.8796923826323289
0.6829275792411107,-0.29852390453984157,0,1,-0.9177636171972354
1.5566592418761627,0.014692060918153116,1,1,-0.2278068059065772
-0.27528913085020507,-0.38631753703541016,0,1,-0.8677248567542186
1.2233943932288591,-0.8678935692236236,1,1,-0.7054464341516793
0.799339762093085,0.523775359168603,1,1,-0.36283797885742075
0.6549647517866791,-0.5424150748127436,1,1,-1.0133019798542033
0.41268986475934416,0.2731044571235668,0,1,-0.6991520593035236
0.6017342248766814,-1.580903379891331,1,1,-0.46891839134589297
0.22667663492819434,-1.1020312597619506,1,1,-0.765117256817085
-0.37750233698374935,0.5367109901664362,0,1,-0.35504016124881677
0.6791426730203058,-0.6611182052893698,0,1,-0.9710447122533346
-0.7348490140472482,0.76810893988053,0,1,0.01922135390005497
-0.10618032390686281,-0.8321271717505071,0,1,-0.7951442510351336
-0.07338694923894651,-0.5685067036556412,1,1,-0.8939071155964049
-0.767669818828782,0.4161005485162148,0,1,-0.2782816543344868
0.9023976828257818,0.37660808332348844,0,1,-0.41743936478385013
0.6115682523329193,1.6239338380292734,0,1,0.5874105914338061
-0.10003389925547146,-1.875399727814983,1,1,-0.05735979508381117
-0.06730093465508546,-1.2161645778524806,1,1,-0.6235809897749967
-0.2553103437960355,0.5104013966888873,0,1,-0.49939220968087206
-0.2552958531148986,0.33949258060129234,0,1,-0.6134876197570804
-1.3996053707662945,-0.7137198522628396,0,1,0.20455932648132613
-1.4702894214072133,0.41024984644961404,0,1,0.3682409489514509
1.476517982151916,-0.9454278697225121,1,1,-0.3572158840397748
0.9707391593193828,-1.456002544113425,1,1,-0.4332968806126951
0.17563144299587619,1.7671585866148507,0,1,0.6153429943283228
1.4203742874537595,-0.20953256702654366,1,1,-0.3632373833266529
2.345451336804766,-2.5402090767852274,1,1,1.0458994786868105
2.6579577859298715,-1.3124165273379966,1,1,0.703745768431081
1.1716290353589411,-1.5522783333542565,1,1,-0.2698102533064226
0.3014771652746478,0.3838384194157866,0,1,-0.5867006760539653
1.1320892347546163,-0.6781196895174888,0,1,-0.6838615651113766
0.6441956164187859,-0.6640141387042693,1,1,-0.9353064835887821
-0.10549055309303701,-1.5773329342946054,1,1,-0.30205046281164805
-0.34708097892668954,1.0342030133201856,0,1,0.04815062300747197
1.6401588519751213,-1.0423645643658364,1,1,-0.22436248239737022
2.6492512344270622,-1.0276217216934276,1,1,0.6224751314187449
-1.0952404155650692,1.012009799447447,0,1,0.46765614449396864
-0.9393078726507055,-0.8997625494915007,0,1,-0.11602126914363797
-0.05304988988242218,-0.2271959698654124,0,1,-0.8659106643429579
2.1553716952720174,-0.5326025700572599,1,1,0.17332343808775086
-0.002407664535374956,0.9561864501069502,0,1,-0.08071243216345447
1.66391854501099,-1.1550588800945578,1,1,-0.17777922747593866
2.422359170494687,-1.7750590032615847,1,1,0.6294268422661036
0.1355350959369316,0.04126539332771153,0,1,-0.8490201173167211
-0.2813891831763457,0.368484879893461,0,1,-0.5761509826027673
0.9210203027726002,-1.6234612303186597,1,1,-0.29965656849462796
0.8561070215467952,-0.6136740841462784,1,1,-0.8422162346129829
1.1661783942605295,-0.33991098921220375,1,1,-0.5772597963314459
0.9676802109110649,1.1565743868045262,0,1,0.3341992515068748
-0.04825413885477805,-0.2578797061694052,0,1,-0.8650886367942965
-0.11975392006530691,-0.3029422859930435,0,1,-0.8182006360860647
2.220283769689175,-0.9291739373939432,1,1,0.21464474650895582
1.6695600224027396,-1.0008201024964813,1,1,-0.21972236801558953
-0.8810242332594651,0.26516601936214795,0,1,-0.15441398467631462
0.3889870508825525,-1.7829147047643408,1,1,-0.13157034300354464
0.9611820236569336,-0.8193572539378221,0,1,-0.7110176062441358
-0.3062442711059296,-0.13615585489616083,0,1,-0.6978339796847557
-0.8444883778168956,-0.38036420518141584,0,1,-0.24701716734751678
0.2887991700934838,-0.3892999205062516,0,1,-0.8791127347925904
-0.7294921364843966,0.13177519315759856,0,1,-0.2939165729943607
0.8630561301950094,-0.7918993100914785,0,1,-0.7314260133280959
-0.053646171342517146,-2.2261962799213637,1,1,0.4256454813115722
0.49867014504442175,-1.1824196303144632,1,1,-0.6006836063770109
0.3938545322923611,-1.1492091609642718,1,1,-0.6360208782451489
-0.8353847075937952,-0.17473921661870354,0,1,-0.23378006000407314
-0.6027547767926384,0.15309658672973542,0,1,-0.3487390430067565
1.8722350841899684,-0.10364606245740915,1,1,0.14608215795455415
-0.5307876572375795,0.10199727489989344,0,1,-0.4559262482216404
-0.3895503138700769,1.634265633673093,0,1,0.7603342143424516
-0.17342959925194912,0.6593899145973778,0,1,-0.23960084916782698
1.0896694579182027,-0.047166289723479,0,1,-0.3860099635582728
0.39108396068962525,1.5521722829145115,0,1,0.5713701164736555
-0.5702577327137285,-0.10822613181923021,0,1,-0.5066367668302663
-0.05423888600112589,-0.4756539458581947,0,1,-0.7870838639989444
0.38203410295723206,-0.21088872879385004,0,1,-0.836241500577982
1.5633531809245285,0.3274926421476476,1,1,0.11546015148296807
-0.9526411437305878,-0.6997086536639591,0,1,-0.1043630708496126
-0.49070384332556566,0.11352609901143507,0,1,-0.561327240545479
0.7273825718457978,-1.4205393073760453,1,1,-0.4210558304235672
-0.6943308094240587,-0.3039084059922297,0,1,-0.43700033166279706
0.09290205247149665,0.9128071682280509,0,1,-0.08131363808139902
0.6496590103037564,-0.975427796147167,0,1,-0.7074698627622151
1.5077355061091389,-0.5087742490867055,1,1,-0.30191604379807746
0.17486285579919392,-0.6555099526572417,0,1,-0.8775915043926776
1.550746064548894,-0.48844180866959164,1,1,-0.2976664226467314
-0.03180822450996381,-0.7990124252725747,0,1,-0.7164520967434882
1.3895508039348852,-1.2126450364172368,1,1,-0.23452019401945012
1.0418264425614654,-1.3000418927422879,1,1,-0.3922676993459593
2.028132529609123,-1.6803967878290136,1,1,0.4282081571192293
0.8449314600949416,-0.6102518930014165,1,1,-0.8294229200966079
-0.09264123744281938,-1.6220499518715188,1,1,-0.14801557995545522
1.344352360227285,-1.3169787646441624,1,1,-0.23501921184749985
0.9465298264782304,-1.58923811239795,1,1,-0.22896709772609025
-0.05937710890850387,0.12435753821194076,0,1,-0.6462598713794616
-0.23801465247707654,0.03145942599455696,0,1,-0.6319858061464467
1.7567112421725024,-0.22139095924541352,1,1,0.030593962317897017
-0.7088844346030251,0.6799263769981785,0,1,0.0834004973310325
-0.10059770607845771,0.5287554401289337,0,1,-0.3135181168482637
0.2766609415412697,0.5816143120613655,0,1,-0.23746304560879583
1.7027846583625097,-0.825931879097912,1,1,-0.06739936680090608
-0.6479090400553428,-0.8798480441032146,0,1,-0.14575328434558976
-0.15557989827807694,-1.5887047878856173,1,1,-0.03681250331638797
0.3588297967922355,-1.3392347083602572,1,1,-0.40296005968350634
1.1891863277895032,-0.6932787490108967,1,1,-0.47573854727522047
-0.29311069295082026,1.0715251011911273,0,1,0.23571626059360007
1.3988289028633691,-2.017188693631527,1,1,0.4327491332818587
1.1522518283889382,-0.6782626025277316,1,1,-0.5238611024340427
-0.9679708287493541,0.44127066554614436,0,1,0.1410145457199512
-0.5653786472494515,-0.5111785536401593,0,1,-0.3252350696576283
1.468304959099726,-0.9165536237675308,1,1,-0.24514076031276044
0.5424558579560913,-1.0744214748011518,1,1,-0.5849816404283912
0.21454663122756992,-0.050884874858233974,0,1,-0.6849508668885935
0.3080423755710166,0.5768339919647401,0,1,-0.21778470523212157
0.9517094736088779,-1.1406035829231818,1,1,-0.45425482264962014
0.06127808541299862,-0.6590427224881592,1,1,-0.6733127458236758
-0.9067594479627286,-0.0277638006980613,0,1,-0.0755868451110544
2.1238934547865913,0.3264332882046561,1,1,0.6437511260340747
1.3438162194903638,-0.6410661477631028,1,1,-0.3550765201044159
1.0964578228580335,-0.8739111841871927,1,1,-0.5260896692839108
0.5235115137188886,-1.1718404396719924,1,1,-0.5481321868584468
0.3544249738092071,-0.5063000132799396,1,1,-0.7551395274001509
0.6695886540215074,-0.18664830733402848,1,1,-0.5716405036164298
0.8695624117523428,-1.021521274951457,1,1,-0.5412451904750855
0.7044743406747962,-1.253595642856599,1,1,-0.445461354235003
0.3339388858051611,-0.6653138493709393,0,1,-0.7279242504649641
0.20600762571767417,-0.26246452201291226,1,1,-0.7606612237969292
0.12556636177714192,-0.4385315454868058,0,1,-0.7588379446896161
1.9564435828230553,-1.0648569610643746,1,1,0.22443667128273947
1.0910096276195722,-0.6178985826597518,0,1,-0.5920821305566664
-1.2595403062171397,0.4734088069740865,0,1,0.4621124472856124
-0.00787527034885227,-0.6035971247876679,1,1,-0.7119976803270278
-0.6571400508403761,-0.15245838403688725,0,1,-0.3327515827152112
-0.522056568968991,-0.1221248587702285,0,1,-0.43940709801647415
-0.2962086851640602,-0.6565737875498104,1,1,-0.5152929732894558
2.0701573468341037,-1.2801253223385354,1,1,0.3718676031448167
0.22890309351702362,-0.5254266093226365,0,1,-0.8281995754115892
-0.24989761587673562,-1.1030424964493415,0,1,-0.3072167522149529
0.46064039111649013,-0.9896035466307433,1,1,-0.6677958568032532
-0.05347495110722686,0.5856818191946389,0,1,-0.23992063116926765
-0.66029030506908,0.41450942935343327,0,1,-0.11371740209047587
1.0338604719687412,-0.6959861170566677,1,1,-0.6348826277356929
0.6734011150279932,-0.9619082107998329,1,1,-0.6750705511826691
0.5755559918258152,-1.718819175589233,0,1,-0.07599410472853396
-1.3494501131751955,-0.19445250344109605,0,1,0.3982993885915205
0.7573965918827891,-0.6953362880948364,1,1,-0.7541840814963123
0.9499186533116173,-0.2751217607712586,1,1,-0.5327296078387418
-0.9934342526363853,-1.7046738568467237,1,1,0.5921124267000684
-0.2844143877326515,-1.098187251011741,1,1,-0.3182915972538938
0.5727010726568422,-1.5126793879301408,1,1,-0.35416600069253334
0.21139559803416108,-0.5232289014970979,0,1,-0.8575703301861015
0.5119045402287472,-0.23170937960881077,1,1,-0.7061685511792843
1.1885930050808076,0.30964626308434906,1,1,0.011593010091550227
0.503599183292041,-0.633589489454907,1,1,-0.8064863869152106
-1.284408046931188,-0.8079029614949435,0,1,0.37282443837332035
0.03234762366470784,0.16108663970554005,0,1,-0.5721064102837401
0.4320901267400253,0.18221451015582527,0,1,-0.5220354900115547
-0.45379639378252734,0.26670793192586406,0,1,-0.3542999924412378
1.857853772645269,-1.4321897202453555,1,1,0.2911779406901722
-0.22652044234369906,-0.4920572952651734,1,1,-0.6458632093879455
1.8344969445016606,-0.43106531670211545,1,1,0.0872497175216127
0.3341314055075528,-0.9646556840214231,1,1,-0.7138085219664738
-0.19542306221648698,-0.8768875924352082,1,1,-0.5341112537831432
0.06859445530374138,0.037839162055544606,0,1,-0.7102065470075578
1.8577131822180624,-0.7133348554557191,1,1,0.04904569534012282
-0.695676150113256,0.396718773608823,0,1,-0.157222313011677
0.9661077440269886,-1.1106586477166358,1,1,-0.5695987968179859
0.13995109672634753,-2.1353570117120397,1,1,0.36103729999102985
0.7492083382658649,-0.7632291112830638,0,1,-0.7784279127793425
-0.4597292933182393,-1.7406967356431036,0,1,0.23342990708755185
-0.10968005720034843,0.4720908859613035,0,1,-0.3637191293990796
1.6641163340563478,-1.4341805011730762,1,1,0.11455864393663262
1.3084189646020314,-1.4101895328987624,0,1,-0.14081263168608693
-0.4397670171503991,-1.546785677364529,1,1,0.044606013366562
0.029453240528876545,-0.8031262226479889,1,1,-0.7208197072481548
0.23903165450057617,-1.5225085868813457,1,1,-0.27871991951962727
1.835071491297383,-0.4262127595042499,0,1,0.048416985160893766
1.5545964413689002,-0.36229456199151866,1,1,-0.17220779963117394
-0.7847684827979883,0.4156674339209588,0,1,-0.03227868905326314
-0.18003929817067696,0.5002299590893424,0,1,-0.29073194176426753
1.67354863909095,-1.8191984292583947,1,1,0.4248027906653533
-0.12456729772987152,-0.5877937528929371,1,1,-0.6686221976590359
0.5601195622644399,-2.268139897949971,1,1,0.4781005341210953
1.3890555119477204,-0.8674975727009767,1,1,-0.334719081515952
0.41290672334410405,-1.6692935048634685,1,1,-0.1561213677164739
0.9824684614047345,-1.5480320897981084,1,1,-0.21892132448552815
-0.15275297716103586,-1.2980968571778282,1,1,-0.30180148013565056
0.2528201313697294,-0.24081612974537653,0,1,-0.8096350139421373
0.01475964296828126,-0.23200543083907307,0,1,-0.7606891434752496
-0.14777185008745547,-0.07482462575964759,0,1,-0.6244969268379119
-1.3015517512046308,-1.343165872033679,0,1,0.6115289684309246
0.07379643792079316,1.2299259693095839,0,1,0.43846071852279866
-0.3041565477553748,0.7337523444969652,0,1,-0.02106463469455644
0.1750091371410311,-0.4937952209668956,0,1,-0.8657978439375329
-0.003569237343608665,-0.5804561286752206,0,1,-0.7972037626022264
1.3955877049071024,-0.5763052994942078,0,1,-0.36690461623241255
-0.7876141607297589,0.6929742333534129,0,1,0.18713275202477586
0.799606698054298,-0.6674399579943842,1,1,-0.777760606775681
1.7842200375824708,-0.786357855768063,1,1,-0.009021887035365772
1.85878468975074,0.33689800426066663,1,1,0.4533839121902856
0.9044139930417684,0.17916735980917498,1,1,-0.2639054059157413
0.0547541202895914,-0.5001528891746991,0,1,-0.8294371175181565
0.638935082495883,-0.606127205754964,1,1,-0.8314214525074144
-1.2750360787053225,0.8489930898515903,0,1,0.662615521333672
0.3285807552649486,-0.43179017681449616,0,1,-0.8831839793988383
1.1366797691913215,-2.429661813692591,1,1,0.6907591503411075
1.5608842167663348,-1.147318478045767,1,1,-0.11635656470968403
-0.31468258640036156,-1.0451302022019557,0,1,-0.36242506376709027
-0.11047566412511398,0.529039163617838,0,1,-0.3209141183517197
1.7519228216537035,-1.551336016633163,1,1,0.23289469283634823
0.8651889758207468,-0.21502808714816268,1,1,-0.552547334680308
1.2305164624638976,0.5350170860100989,1,1,0.17344855183800068
2.056734666047093,-1.7863895904768268,1,1,0.5849635108145756
0.7939185749996148,-2.1096172348258975,1,1,0.29919463641651767
-0.36736685060279,-0.05410041620277842,0,1,-0.5300078326335145
1.9862337934877012,-0.608935722627929,1,1,0.17152449984398555
0.0881374325974818,0.24837587242896425,0,1,-0.5018790085500413
1.4149593257377804,-1.5569730875943257,1,1,-0.00047632450621737377
0.7363991806469962,-0.4093127265143571,0,1,-0.735126966588834
0.4258237567541971,0.004338599021397426,0,1,-0.635963397732942
0.39012706138299547,-0.05230433195730277,0,1,-0.698383444816292
-0.17503444283478914,-0.4563810409516711,0,1,-0.6986385982326277
1.772587823909436,1.563971621038987,0,1,1.1325083447224022
0.7132529287157479,-1.535489097515067,1,1,-0.2972395198285058
0.0830912652981961,-0.15597211848046844,0,1,-0.8107429775866715
0.7761348888290998,-0.7636168576039171,1,1,-0.7927749133486364
1.1813755176050893,-0.5446538059056323,1,1,-0.5497013858827149
-0.28139181512849487,-0.09840996838529681,0,1,-0.6220020200189085
0.19227146847143106,-0.34644983543907015,1,1,-0.8965601439414765
1.6597757022358746,-0.8010759729367409,1,1,-0.16507084563452956
-0.0825205182011368,-0.3409627843737342,0,1,-0.7860344237633043
1.0227586244982505,0.45987655997559473,1,1,-0.02916372551877444
2.38307825085976,-1.1018305124862529,1,1,0.5669637521002899
0.2884905105195471,-0.4237168893962529,0,1,-0.9167069267248538
1.0630548794116552,-2.4822699408316575,1,1,0.6845729708999144
-0.883474420457373,-0.7469023075871458,0,1,-0.02067844372964256
-0.3523950520245624,-0.6607083298189211,0,1,-0.5095028907192214
1.0067785076652283,-1.0283855756747218,1,1,-0.5493792117629752
0.006400091417376392,-1.2719416821743816,0,1,-0.35002353198274694
0.8834584747818961,-1.4088807632164877,1,1,-0.33892475386280196
-0.6953995022097448,-0.21286598911623486,0,1,-0.25785953381341464
-0.5176258996793882,0.5198617905295931,0,1,-0.07660268835424056
0.7155457455029125,-1.7905346102404356,0,1,-0.011556977475313701
0.3794922062924565,0.5602473572502285,0,1,-0.17478262015239565
-0.8395473212432124,0.6619397151126563,0,1,0.23910730313128425
0.3995412980166809,0.037762315153213155,1,1,-0.6344874763421497
1.9843787623339262,-2.0170229522496346,1,1,0.7137471919534333
2.931634566729281,-0.4751517297787955,1,1,1.076143104702294
-0.21935406586053763,-0.1454120332883235,0,1,-0.6498252675506198
0.509348742611011,-1.0371910987891737,1,1,-0.6832849662487872
0.5988347987995152,0.6078352248968818,0,1,-0.0839309607695995
0.8314445359175284,-1.775639010284836,1,1,-0.03211153181261217
0.8399360992818392,1.0704088156150542,0,1,0.41296256499587436
0.2660471944754429,-1.043125239090397,1,1,-0.6490099668539093
-0.29141568491979086,-1.5407721918240274,1,1,-0.02524199687595452
1.0040874042067918,-1.646012427693718,1,1,-0.14482046631445122
0.8011550217317168,-1.6667195083312647,1,1,-0.17683242743895367
8.107238623077517,0.07970658219100524,1,2,3.305707594892482
6.252064480652524,-1.6089370321514322,0,2,2.766452683411168
7.379986002087964,-0.7567398280381845,1,2,3.0610251298414832
6.753699731929655,-0.9364824349752837,0,2,-1.4888416885768494
6.973482686982488,-1.6765346465995221,0,2,-0.7806252533259558
8.063436617610488,-0.7445544609770114,1,2,-0.4314866062816505
6.803597812534343,-1.2031758302149886,0,2,-1.6601319373840222
6.670250385661779,-1.6298186697690862,0,2,-1.247846847885427
8.661860245769477,-0.33770979899005293,1,2,0.3416906468350165
7.145818712518042,0.039745323879794014,0,2,0.2633771437264594
7.227704252945802,-1.0750777560691254,0,2,-0.967481024664316
7.83524636550304,-0.9869531722739415,1,2,-0.7571019685794083
8.582709162738007,-0.7590628536025787,1,2,-0.08831256427513479
7.745454796474387,-0.6208376176664263,1,2,-0.953910196715545
7.4572702845593355,-0.8259446605308902,1,2,-1.2716040992795983
7.522035832678007,-1.1462437449119167,1,2,-1.1640879631736085
7.14579008266295,0.14271907753399615,0,2,-0.15238867430418512
7.913643155814801,-0.7519269349357347,1,2,-1.1795576413693063
8.888631766972997,-0.3113201585002471,1,2,0.5630699934631074
7.640057967671537,-1.5721550197338359,0,2,0.046963631344130174
6.750674693659872,-1.171280806440296,0,2,-0.2760124605526344
8.125641130439714,-1.8574310275380803,0,2,0.5489077128818209
6.947815821794383,-1.6343471912062904,0,2,-0.058274295454082914
8.01267360328322,-0.0011375316896545251,1,2,0.1970620443510609
8.005674006060467,-0.2326884045645054,1,2,0.2985966430035849
7.226431910253255,-0.7149993266985383,1,2,-0.09816066201536389
7.779945958198928,-1.557104830263557,1,2,0.26407509050730793
9.01361304033409,-0.519968468572468,1,2,1.021555228013114
7.1072749663419215,-0.0942338346170376,0,2,0.46717361347732744
7.505130835469616,-0.8662961382278914,0,2,-0.47357871989365563
6.951789975841964,-0.4182023009074587,0,2,0.266557717261485
7.836428874656021,-1.1304572759405251,0,2,-0.12986112123067173
6.347932581167252,-0.1780527534095695,0,2,1.027027915226387
7.259728743053135,-0.22374460914689043,0,2,0.06297367754126393
7.604397698520619,-0.9098178561424008,0,2,-0.6402535649814367
8.266347047173182,-0.2599676460608229,1,2,0.1534741755739284
7.09765032411219,-0.8919305320806175,0,2,-0.4469401119872205
8.10329228887312,-0.9093642105306889,1,2,-0.30304318489504034
7.100839689389306,-0.4918739504781173,0,2,-0.41575659143620536
6.31887353489507,-0.9360921305690377,0,2,0.47620391054348366
8.927448562437725,-0.6777448662896854,1,2,0.5931922610609188
7.93510514538999,-0.6294507933508923,1,2,-0.6313800944915995
7.460594462823662,0.05791255518989202,0,2,-0.020078157577725353
7.674150554498756,-0.0748063587063259,1,2,-0.17457999727714624
8.166030690305687,-0.2629615863058529,1,2,-0.32175740581475765
7.302458909879819,-0.8967870580707685,0,2,-0.8972777237254941
6.020179367894227,-0.8225493821008654,0,2,0.7578301672215262
7.205488809328474,0.0805445564398597,1,2,-0.21141512563493015
6.661971550052853,-0.4009822676469973,0,2,-0.03388838071554989
6.2275927784543885,-0.6043582375339859,0,2,0.4299523444586715
7.177126951476999,0.019563405787465182,0,2,-0.43177479347760483
6.724109730589978,-0.26483107401184824,0,2,-0.1862282263240984
6.717378680153685,-0.6875068377872542,0,2,-0.2774857956623986
7.016875089922921,-1.2902228571424914,0,2,-0.2774087166797128
7.126469203483032,-1.2048735335578804,0,2,-0.47102840286863756
7.797116343201158,-0.5145281199513657,1,2,-0.7102346174591019
7.16823424424152,-1.0583948202870168,0,2,-0.8064557349792119
8.191619658873336,-0.3399210936894545,1,2,-0.3498182152497229
7.885846197488449,-0.4309449801226352,1,2,-0.5854404230947909
9.198224323597515,-0.36399030328368104,1,2,0.9237881420493013
7.893187530408811,-0.3933711659763338,1,2,-0.6898702735538897
7.200895546824295,-0.18209718333315017,0,2,-0.5863493348427222
8.057543578940443,0.14707137623626032,1,2,0.0381374345644252
6.701996138083936,-0.7879955547066024,0,2,-0.2776506583987941
8.013480684779143,-1.092001930226766,1,2,-0.24630178893557275
6.9314829994809735,-1.1090597943317073,0,2,-0.38215955422296766
7.175744822286342,-0.3919363302814456,0,2,-0.5911128673979658
7.7855972291669495,-0.8591690549299003,1,2,-0.6887339318346015
6.376636860978121,-0.817912190886315,0,2,0.10469173115303043
6.610089339751005,-0.0926707633419136,1,2,0.12401297563243485
6.6038154150205415,-1.2341270335009185,0,2,-0.023638138010859677
6.685121520004385,-1.6700611212773173,0,2,0.3017058475946852
7.75363975960755,-0.27678018435838636,1,2,-0.5689823220138193
8.628633195849659,-0.7405032220675519,1,2,0.3002532395989741
8.252050696345181,-0.7040651824181948,1,2,-0.18565039864061905
7.397684389865661,-0.8816765576381975,1,2,-0.748400185528125
8.424092152687694,-0.6562699103747733,1,2,-0.016926298765564063
8.855987136011812,-0.45044446787118,1,2,0.5146491061166945
7.6602837655734195,-0.2239035228030774,1,2,-0.49468096235479164
8.93122062510696,-0.10890773652674163,1,2,0.704524914102624
4.3417315939358785,-1.701264922910864,0,3,2.3389582834829437
4.371147046525417,-1.1974652338629546,0,3,2.290004119217542
4.454962561856768,-1.3905400069072889,0,3,-0.7724154256098775
4.896944719403699,-2.2546714630015123,1,3,0.6786456110261592
4.1384045126354545,-2.240536475328937,1,3,1.0983065914371062
4.947796662179515,-1.76008991943073,0,3,-0.04880379402798307
4.468299440167517,-1.952082396604793,1,3,-0.6955232146916168
4.489739628096518,-1.2415109849197812,0,3,-1.067341991375697
4.286135876130404,-2.426440011368445,1,3,-0.36002728191250055
4.09768436419515,-2.1799668849830627,1,3,-0.41769126813871793
4.422726576389803,-1.0408986446747377,0,3,-0.3287371037092519
4.582747858959421,-1.8331326294121226,1,3,-0.5519860570710737
4.235884081115313,-1.9414921206735514,1,3,-0.4639605925503876
4.485395987952189,-1.9871574339762366,0,3,-0.7812021339671833
4.544111116524128,-1.9721397009073414,1,3,-0.8538119401415762
4.336624383712907,-1.7239430687196389,0,3,-0.7655385923432676
5.0587782683827065,-1.433432715838075,0,3,0.5796022405075973
4.780619116824656,-1.9946092892225706,1,3,0.20347121086500053
4.369243315894869,-2.7180193593858406,1,3,1.159989815711937
4.15201258336977,-2.2715353796809494,1,3,0.047954129114978095
4.798246546070833,-2.0446284252467257,1,3,-0.2394653137572318
4.040388197135385,-1.1325244264468188,0,3,1.0012603105618596
4.26342449630025,-1.7333932652127704,1,3,-0.08143093176957805
4.109529951958432,-1.4038531242779004,0,3,0.5162499388795414
4.520489939161136,-1.9196543392222014,1,3,-0.6289025755896174
4.180527763279848,-1.7641982394445277,0,3,-0.252177287768796
4.6572716493172654,-2.1053237768041395,1,3,-0.21145246638220305
4.285230608237015,-2.480376758431021,1,3,0.3791102414047005
4.41171006190056,-1.4181840963420702,0,3,-0.17566749416778338
4.926386953450044,-1.5754308646111608,0,3,0.4193764689541313
4.659856615898404,-1.1584555694917427,0,3,0.6870516715843515
3.850239756326322,-2.624294622727443,1,3,1.316519236006413
4.425370138594017,-1.5952596115240154,0,3,-0.3014492019434347
4.2623646555426,-1.3248100372732718,0,3,0.07390268769031927
4.278037607268694,-1.4263883026529613,0,3,-0.18166747500456415
4.50682648166101,-2.384297553768301,1,3,0.17444410819481648
4.5100982596841455,-2.247169804271872,1,3,-0.0761996097252724
4.034437892189281,-1.392426017313986,0,3,0.07202579376326979
4.838291215522644,-2.1516994942737298,1,3,-0.089248362451253
3.92594785042117,-1.9879097291082235,0,3,0.2057902519523811
5.472740364089416,0.726713105433785,1,4,2.878748120271798
5.48954079377025,1.1659368546455053,1,4,3.09063860003602
4.897502852485536,0.6841242568356629,1,4,2.4488143348422073
5.397654105135186,2.278274454897348,0,4,3.370715024462996
6.047162045877881,0.6002042335960882,1,4,0.4520585295699088
4.949881208657669,1.3269772094845411,1,4,-1.0479876259720042
4.967379681985509,0.8282779792591932,1,4,-1.6654014686246201
5.267036300305063,1.0646470986640344,1,4,-1.8105871612040039
3.9234903315320055,1.671979034558812,0,4,0.9386880236059476
4.516392127768155,1.8608765542911399,0,4,0.6179002362460086
4.516966136060962,1.4029747947773439,0,4,-0.37933715074026253
5.462546753341696,0.8066189984876037,1,4,-0.8159814602122795
5.644001020682089,0.29829472158501646,1,4,0.04544305024428619
5.629867367616972,1.7231039325966513,1,4,-0.34927500744004414
5.069066119797042,1.3363978305552564,0,4,-1.3665397912426969
5.304019814322958,2.3351333255672597,0,4,-0.3002525793677546
5.015442218695179,2.1778604123434127,0,4,-0.12912505553032627
3.8617924897578,1.9695863693723035,0,4,0.7081711347306281
5.261771483834994,2.500355193925898,0,4,0.06369577982863683
5.894398602905104,1.1792077908932355,1,4,-0.049265673469940374
4.253886745699033,1.7868027365182573,0,4,-0.1093799521009533
5.19547975838256,2.1212523242716097,0,4,-0.5499500025862494
4.771055747715854,1.0756066034781586,1,4,-0.6233150756564871
4.406359696538407,1.3216625378483253,0,4,-0.37429074646916094
5.024162670752706,1.7460517638620516,0,4,-0.7680495763151187
5.953101628868938,0.9586999067182856,1,4,0.008471289236292812
5.901565746875568,0.4030975361335244,1,4,0.2792909449179106
5.014067108538967,1.6772252911870005,0,4,-0.9261909400350898
4.987848566569581,0.6665322695699696,1,4,-0.4366074669258624
5.841651939858435,0.42464878954875696,1,4,0.17301014054584885
5.68466895887614,0.8519025356134482,1,4,-0.1838590858534368
4.506029984336664,2.7641695201807766,0,4,1.0655000126608987
5.4028980486466205,1.0334187386068048,1,4,-0.4936065670192811
5.4970356301076455,1.3200293874786213,1,4,-0.4434127073520808
4.927084806629043,1.185764560540142,1,4,-0.592081992085407
5.773150019953367,0.8099059930336585,1,4,-0.2680196354189186
5.187267592278134,2.748613794100428,0,4,0.7043021301450234
5.283694511172325,0.42424218730747887,1,4,0.11465928811355974
6.191881532877512,1.1900071826962244,1,4,0.3405834940309931
5.912624859188342,0.8647856712762277,1,4,-0.2540911725947259
5.799834809658439,2.9257916517194134,0,4,1.0447274922581733
5.7470114732211295,0.8603725015915339,1,4,-0.6329408259883693
6.050938131999762,1.2458928469264432,1,4,-0.17540168520449617
5.372128310430763,0.7730657141106763,1,4,-0.5748335649510734
5.548747250990331,0.6478595163366203,1,4,-0.40871597839509866
5.7088432401463045,1.0962208282181694,1,4,-0.595365011920916
4.059103472578653,2.1883333203582276,0,4,0.7711059340431254
5.244448716148081,2.0368321031877676,0,4,-0.18759411636648782
4.435613484833244,2.091886930395716,0,4,0.23444027270692303
3.5228631297119284,1.620535755580384,0,4,1.0622628674688386
5.778769922801199,0.8870585654727017,1,4,-0.7782939060816614
5.141691392035082,1.9009429105444333,0,4,-0.4391953353064513
5.215543795955736,1.0951510475945652,1,4,-0.7819721928264931
5.934027538199688,1.3566963062580346,1,4,-0.3371595989472609
5.305379314744883,2.8287655167695713,0,4,0.6428681666781926
4.011138036179519,1.5692882689270902,0,4,0.3561166932183646
5.271454232578634,0.9349433804577022,1,4,-0.7402343567920977
6.374199073833486,2.654358389931967,0,4,1.1223852772153906
4.953343027278607,1.2410612289367522,1,4,-0.6806640820149807
5.369233821462819,2.1928525112203805,0,4,-0.2172015771081921
5.48171600776375,1.213666939902104,1,4,-0.8178456778535925
5.604275102391174,1.4914266698974419,1,4,-0.49601678796234294
4.025417180356355,1.3126635718339883,0,4,0.4721351856348175
4.162333343144095,3.281758830743075,0,4,1.4577050244792638
4.953143384271715,1.5069457114827483,0,4,-0.5714155025925676
5.712261028033177,1.5331464950460054,1,4,-0.46226564992611996
4.779467494043973,0.9258501468726802,1,4,-0.3639010624647221
5.188005894272053,2.350069539348754,0,4,-0.12241562418599283
5.783514004495369,2.2486447242023306,0,4,0.17709231376037593
4.850983781042517,1.4902529629834231,1,4,-0.6347984479337958
5.68715026903346,1.7669588903155442,1,4,-0.44316975982124207
5.973593722377639,0.6547725297770015,1,4,-0.17514706848345707
6.2639927764248915,1.3295640752002946,1,4,0.0726182313742072
5.000652920741945,1.2618532226370378,0,4,-0.8259374011880429
5.4063713288981186,1.2415617750736958,1,4,-0.8907643488601824
6.076790240374581,1.4697491240993437,0,4,-0.17272560928828362
4.297262450103654,1.9233820657184002,0,4,0.08687297107969982
4.982716824440663,2.9354879136049403,0,4,0.6394476025922264
4.350726776471157,1.009722202485638,0,4,0.10174645185708986
6.053113213728851,0.992845644606928,1,4,-0.32509668360648103
4.0762326932916935,2.365248051376883,0,4,0.5038679596946274
3.9484347594042366,2.6798134640502846,0,4,0.8658491735038334
5.300428320324051,1.9062858839549546,0,4,-0.580300386259681
5.861108298421296,2.1676268647935117,0,4,-0.01316565897553268
5.036854057230885,1.88503429056431,0,4,-0.65554539414333
5.997712587482025,2.034550069617376,0,4,-0.015820117768626574
4.635955757806718,1.823341715535674,0,4,-0.4081822587780968
5.798557806884703,0.3859439186084026,1,4,-0.02013829717273996
4.657412359731137,2.7002397552053523,0,4,0.2894153436324425
5.280292441233667,1.1121883529255037,1,4,-0.9221844517216122
5.18674922002899,1.855032233000788,0,4,-0.7266391486012385
4.937611244492301,0.9757327391448527,1,4,-0.5887487815078334
5.33510275131571,2.108497426278347,0,4,-0.5269408045855388
5.075183973838903,1.412962675986427,1,4,-0.8805261092318619
3.6419271359402248,2.3515468402365434,0,4,0.8264334609612085
4.7247081150920405,2.354871145340324,0,4,-0.06681288477260416
5.729099719260845,1.488061512293576,1,4,-0.689032493804842
5.093456379690516,2.5654047518779337,0,4,-0.10550198925083265
4.362681327627979,1.133776894594774,0,4,-0.12092585956627833
5.434480954380343,1.6776818026669682,1,4,-0.7979181195762393
